id,road_address,business_name,longitude,latitude,category
1,서울특별시 종로구 자하문로 92,청운효자동주민센터,126.970620717201,37.5840921101084,주민센터
2,서울특별시 종로구 경희궁1길 15,사직동주민센터,126.970599120585,37.571353037745,주민센터
3,서울특별시 종로구 삼청로 107,삼청동주민센터,126.981856687592,37.5850053660693,주민센터
4,서울특별시 종로구 창의문로 145,부암동주민센터,126.964064980438,37.5924113232874,주민센터
5,서울특별시 종로구 평창문화로 65,평창동주민센터,126.968367445006,37.606373318428,주민센터
6,서울특별시 종로구 통일로14길 36,무악동주민센터,126.958159633734,37.5760002195294,주민센터
7,서울특별시 종로구 송월길 154,교남동주민센터,126.961960174429,37.5719138723351,주민센터
8,서울특별시 종로구 북촌로 35,가회동주민센터,126.984789138464,37.5800508567549,주민센터
9,서울특별시 종로구 종로17길 8,종로1234가동주민센터,126.988970930135,37.5707116115999,주민센터
10,서울특별시 종로구 종로35가길 19,종로56가동주민센터,127.005031333474,37.5720611697886,주민센터
11,서울특별시 종로구 이화장길 33,이화동주민센터,127.004346542051,37.5769797271994,주민센터
12,서울특별시 종로구 혜화로 12,혜화동주민센터,127.000623054549,37.5868515419041,주민센터
13,서울특별시 종로구 지봉로 8-6,창신1동주민센터,127.016343078772,37.5707185639146,주민센터
14,서울특별시 종로구 창신길 62,창신2동주민센터,127.010871025091,37.5744504852924,주민센터
15,서울특별시 종로구 지봉로 87,창신3동주민센터,127.014558601401,37.5780295588982,주민센터
16,서울특별시 종로구 지봉로 86,숭인1동주민센터,127.015628142898,37.5778227340801,주민센터
17,서울특별시 종로구 종로65길 10,숭인2동주민센터,127.019961720703,37.5748752884313,주민센터
18,서울특별시 중구 남대문로1길 31-5,소공동주민센터,126.977041889069,37.5624228943485,주민센터
19,서울특별시 중구 퇴계로8길 46,회현동주민센터,126.979355540452,37.5572861072323,주민센터
20,서울특별시 중구 퇴계로20나길 16,명동주민센터(임시청사),126.98525123887,37.5583643133295,주민센터
21,서울특별시 중구 퇴계로36길 42,필동주민센터,126.995597392385,37.5601576860785,주민센터
22,서울특별시 중구 장충단로8길 22,장충동주민센터,127.007840082201,37.5619071535226,주민센터
23,서울특별시 중구 퇴계로 303-9,광희동주민센터,127.005037047525,37.5644602798546,주민센터
24,서울특별시 중구 충무로9길 20,을지로동주민센터(임시청사),126.991320298878,37.5670131307092,주민센터
25,서울특별시 중구 다산로33길 3,신당동주민센터,127.014467885171,37.562037982785,주민센터
26,서울특별시 중구 동호로15길 50,다산동주민센터,127.008294465122,37.5543328892274,주민센터
27,서울특별시 중구 다산로 92,약수동주민센터,127.0089947743,37.552473448475,주민센터
28,서울특별시 중구 청구로3길 55,청구동주민센터,127.014685353452,37.5570676059327,주민센터
29,서울특별시 중구 다산로44길 85,신당제5동주민센터,127.021866110608,37.5651269016009,주민센터
30,서울특별시 중구 다산로36길 100,동화동주민센터,127.019422404394,37.5599823683376,주민센터
31,서울특별시 중구 난계로11길 52,황학동주민센터,127.021419240672,37.5674857909626,주민센터
32,서울특별시 중구 만리재로175,중림동주민센터,126.964454371144,37.5547908528642,주민센터
33,서울특별시 용산구 후암로 32-6,후암동주민센터,126.978152155634,37.5486988391136,주민센터
34,서울특별시 용산구 신흥로 90,용산2가동주민센터,126.985583625331,37.5461126719259,주민센터
35,서울특별시 용산구 두텁바위로 25,남영동주민센터,126.974822733534,37.5458164213409,주민센터
36,서울특별시 용산구 청파로49길 6,청파동주민센터,126.969873077308,37.5454790994858,주민센터
37,서울특별시 용산구 백범로 350,원효로제1동주민센터,126.967627844336,37.537241925875,주민센터
38,서울특별시 용산구 효창원로8길 3,원효로제2동주민센터,126.951546938864,37.5343526803755,주민센터
39,서울특별시 용산구 효창원로 161,효창동주민센터,126.961837864098,37.5425083436093,주민센터
40,서울특별시 용산구 새창로12길 13,용문동주민센터,126.957584275714,37.5389557817248,주민센터
41,서울특별시 용산구 한강대로38길 28,한강로동주민센터,126.969227845497,37.5281402604009,주민센터
42,서울특별시 용산구 이촌로71길 24,이촌제1동주민센터,126.973298153783,37.5213567033653,주민센터
43,서울특별시 용산구 이촌로18길 20,이촌제2동주민센터,126.95465914127,37.5262826554819,주민센터
44,서울특별시 용산구 보광로 104-6,이태원제1동주민센터,126.995067379595,37.5325065452212,주민센터
45,서울특별시 용산구 회나무로13길 58,이태원제2동주민센터,126.990195528914,37.541903855959,주민센터
46,서울특별시 용산구 대사관로5길 1,한남동주민센터,127.00049488221,37.5345647136734,주민센터
47,서울특별시 용산구 서빙고로 279,서빙고동주민센터,126.994652340574,37.5204769781723,주민센터
48,서울특별시 용산구 장문로 95,보광동주민센터,127.000173314126,37.5263091985034,주민센터
49,서울특별시 성동구 마장로 141,왕십리도선동주민센터,127.025530039097,37.5678768166342,주민센터
50,서울특별시 성동구 무학봉15길 6,왕십리제2동주민센터,127.031021327577,37.5618652262984,주민센터
51,서울특별시 성동구 마장로 42길 11,마장동주민센터,127.045407334357,37.5663196905133,주민센터
52,서울특별시 성동구 사근동길 37,사근동주민센터,127.045325973415,37.5614995718917,주민센터
53,서울특별시 성동구 고산자로10길 18,행당제1동주민센터,127.036151539458,37.5585097159309,주민센터
54,서울특별시 성동구 행당로9길 9,행당제2동주민센터,127.029349768821,37.558221031055,주민센터
55,서울특별시 성동구 독서당로 424,응봉동주민센터,127.033402425732,37.5531392287939,주민센터
56,서울특별시 성동구 금호로 166-1,금호1가동주민센터,127.020293875229,37.5557471742374,주민센터
57,서울특별시 성동구 무수막18길 1,금호2.3가동주민센터,127.020958746923,37.5532352564893,주민센터
58,서울특별시 성동구 독서당로46길 26,금호4가동주민센터,127.022382538932,37.5471805560328,주민센터
59,서울특별시 성동구 독서당로 203,옥수동주민센터,127.013414924954,37.5436402677852,주민센터
60,서울특별시 성동구 뚝섬로3길8,성수1가제1동주민센터,127.04963325198,37.5410287824891,주민센터
61,서울특별시 성동구 왕십리로5길3,성수1가제2동주민센터,127.044349655211,37.5464025531618,주민센터
62,서울특별시 성동구 뚝섬로385-19,성수2가제1동주민센터,127.05402325067,37.5395409267715,주민센터
63,서울특별시 성동구 광나루로2길 35,성수2가제3동주민센터,127.055245559476,37.5482232014778,주민센터
64,서울특별시 성동구 동일로 43길 13,송정동주민센터,127.069568506983,37.5545330698569,주민센터
65,서울특별시 성동구 용답중앙23길 20,용답동주민센터,127.055568294109,37.5640678106196,주민센터
66,서울특별시 광진구 긴고랑로12길 49,중곡제1동주민센터,127.080052075962,37.5606676237144,주민센터
67,서울특별시 광진구 능동로 346,중곡제2동주민센터,127.081475106274,37.5601504693098,주민센터
68,서울특별시 광진구 용마산로 117,중곡제3동주민센터(임시청사),127.086556882708,37.5640418604213,주민센터
69,서울특별시 광진구 긴고랑로 131,중곡제4동주민센터,127.089432923963,37.5590986524587,주민센터
70,서울특별시 광진구 천호대로112길 55,능동주민센터,127.080552145109,37.5537605998899,주민센터
71,서울특별시 광진구 광나루로36길 56,구의제1동주민센터,127.085677335897,37.5424132407312,주민센터
72,서울특별시 광진구 천호대로136길 55,구의제2동주민센터,127.08993400467,37.547169602748,주민센터
73,서울특별시 광진구 강변역로 17,구의제3동주민센터,127.091984746444,37.5379934173484,주민센터
74,서울특별시 광진구 광장로 52,광장동주민센터,127.103009793202,37.5468827638378,주민센터
75,서울특별시 광진구 자양로13길 37,자양제1동주민센터,127.082394865358,37.5344979490775,주민센터
76,서울특별시 광진구 자양로3가길 26,자양제2동주민센터,127.084387544694,37.5287993322535,주민센터
77,서울특별시 광진구 뚝섬로 568,자양제3동주민센터,127.072902425153,37.5338339360146,주민센터
78,서울특별시 광진구 뚝섬로26길 58,자양제4동주민센터,127.066258359663,37.5340977893248,주민센터
79,서울특별시 광진구 능동로17길 39,화양동주민센터,127.071267629589,37.5465267774587,주민센터
80,서울특별시 광진구 면목로13,군자동주민센터,127.075349383615,37.5554852103262,주민센터
81,서울특별시 동대문구 천호대로27길 35,용신동주민센터,127.037275183875,37.5758001067263,주민센터
82,서울특별시 동대문구 약령시로 71,제기동주민센터,127.037822034874,37.5831100568691,주민센터
83,서울특별시 동대문구 서울시립대로9길21,전농제1동주민센터,127.047727123176,37.5779707132726,주민센터
84,서울특별시 동대문구 사가정로 137,전농제2동주민센터,127.06000784823,37.5780910683282,주민센터
85,서울특별시 동대문구 사가정로 30,답십리제1동주민센터,127.051274904171,37.5718230910833,주민센터
86,서울특별시 동대문구 한천로11길 18,답십리제2동주민센터,127.061282067268,37.5673977670564,주민센터
87,서울특별시 동대문구 한천로18길 52,장안제1동주민센터,127.066413069009,37.5678193611099,주민센터
88,서울특별시 동대문구 사가정로 230-1,장안제2동주민센터,127.070589382382,37.5784714712379,주민센터
89,서울특별시 동대문구 왕산로 239 4층,청량리동주민센터,127.048169864241,37.5830461915113,주민센터
90,서울특별시 동대문구 회기로25길 12-1,회기동주민센터,127.055377905474,37.5908061635189,주민센터
91,서울특별시 동대문구 외대역동로6길 3,휘경제1동주민센터,127.065761186023,37.5929078049257,주민센터
92,서울특별시 동대문구 한천로 329,휘경제2동주민센터,127.068591769026,37.5901338416767,주민센터
93,서울특별시 동대문구 외대역동로 114-1,이문제1동주민센터,127.065482975741,37.5978134973025,주민센터
94,서울특별시 동대문구 신이문로 27-5,이문제2동주민센터,127.065136125653,37.6033946051136,주민센터
95,서울특별시 중랑구 면목로 397,면목본동 주민센터,127.087555200335,37.5873556125386,주민센터
96,서울특별시 중랑구 동일로101길 20-15,면목제2동 주민센터,127.079029450993,37.5897731346894,주민센터
97,서울특별시 중랑구 사가정로51길 48,면목제38동 주민센터,127.088069365426,37.582956763264,주민센터
98,서울특별시 중랑구 면목로 246,면목제4동 주민센터,127.085608469808,37.5747015059894,주민센터
99,서울특별시 중랑구 동일로 619,면목제5동 주민센터,127.079474454247,37.5857527876703,주민센터
100,서울특별시 중랑구 사가정로52길 13 5층 ~ 9층,면목제7동 주민센터,127.087456912404,37.580087374487,주민센터
101,서울특별시 중랑구 상봉중앙로1길 6,상봉제1동 주민센터,127.087161253371,37.5998375200769,주민센터
102,서울특별시 중랑구 동일로114길 10,상봉제2동 주민센터,127.08085178906,37.5928919454227,주민센터
103,서울특별시 중랑구 동일로134길 17,중화제1동 주민센터,127.080660988118,37.6011712827417,주민센터
104,서울특별시 중랑구 동일로129길 1 5층,중화제2동 주민센터,127.079542626772,37.5993838458016,주민센터
105,서울특별시 중랑구 공릉로2가길 5,묵제1동 주민센터,127.078479291591,37.612414580688,주민센터
106,서울특별시 중랑구 동일로157길 29,묵제2동 주민센터,,,주민센터
107,서울특별시 중랑구 망우로67길 10,망우본동 주민센터,127.101485349948,37.6005605598925,주민센터
108,서울특별시 중랑구 겸재로61길 40,망우제3동 주민센터,127.094918224532,37.5918996611242,주민센터
109,서울특별시 중랑구 용마산로129나길 35,신내제1동 주민센터,127.099503784192,37.6058689880658,주민센터
110,서울특별시 중랑구 봉화산로 190,신내제2동 주민센터,127.094167829972,37.6062523225265,주민센터
111,서울특별시 성북구 성북로 37,성북동주민센터,127.003247810463,37.5910517457898,주민센터
112,서울특별시 성북구 보문로 190,삼선동주민센터,127.014641828315,37.590845726407,주민센터
113,서울특별시 성북구 동소문로26길 27,동선동주민센터,127.020408652798,37.5939801420458,주민센터
114,"서울시 성북구 정릉로48길35, 3층",돈암제1동주민센터(임시청사),127.027743820067,37.6025697758022,주민센터
115,서울특별시 성북구 흥천사길 7,돈암제2동주민센터,127.010539042475,37.5980169765946,주민센터
116,서울특별시 성북구 고려대로 16,안암동주민센터,127.021375582392,37.5858207643032,주민센터
117,서울특별시 성북구 안암로3길 35,보문동주민센터,127.022803541231,37.5803735415022,주민센터
118,서울특별시 성북구 정릉로38마길 33,정릉제1동주민센터,127.016641849495,37.6014358044842,주민센터
119,서울특별시 성북구 정릉로26길 1,정릉제2동주민센터,,,주민센터
120,서울특별시 성북구 솔샘로1길 6-3,정릉제3동주민센터,127.004176934982,37.6089546745948,주민센터
121,서울특별시 성북구 보국문로 106-1,정릉제4동주민센터,127.007018448235,37.6133575835404,주민센터
122,서울특별시 성북구 길음로 92,길음제1동주민센터,127.019471426099,37.6104603171536,주민센터
123,서울특별시 성북구 삼양로2길 70,길음제2동주민센터,127.027280273705,37.6068132768564,주민센터
124,서울특별시 성북구 종암로 98-8,종암동주민센터,127.035278032381,37.5990620996669,주민센터
125,서울특별시 성북구 오패산로 96,월곡제1동주민센토,127.035763429988,37.6105284935378,주민센터
126,서울특별시 성북구 화랑로 152,월곡제2동주민센터,127.047913059967,37.6057781339416,주민센터
127,서울특별시 성북구 장위로 61,장위제1동주민센터,127.043660616058,37.6140470808356,주민센터
128,서울특별시 성북구 돌곶이로27길 12,장위제2동주민센터,127.054500073451,37.6124059267104,주민센터
129,서울특별시 성북구 한천로 657,장위제3동주민센터,,,주민센터
130,서울특별시 성북구 화랑로 296,석관동주민센터,127.061414676709,37.6129460973402,주민센터
131,서울특별시 강북구 솔매로 69,삼양동주민센터,127.019772475169,37.6250517693203,주민센터
132,서울특별시 강북구 솔매로49길 14,미아동주민센터,127.026975138546,37.6270913479898,주민센터
133,서울특별시 강북구 오패산로 162,송중동주민센터,127.033780342346,37.6161217852993,주민센터
134,서울특별시 강북구 솔샘로 284,송천동주민센터,127.023850959484,37.6182974834856,주민센터
135,서울특별시 강북구 삼양로19길 34,삼각산동주민센터,127.020742108822,37.6151482159574,주민센터
136,서울특별시 강북구 덕릉로41길 74,번1동주민센터,127.028847218153,37.6378912925417,주민센터
137,서울특별시 강북구 한천로 897,번2동주민센터,127.039062217979,37.6318813026665,주민센터
138,서울특별시 강북구 한천로105길 21,번3동주민센터,127.046590720168,37.6258673694661,주민센터
139,서울특별시 강북구 삼양로 299,수유1동주민센터,127.017559390621,37.63005160395,주민센터
140,서울특별시 강북구 한천로 1117,수유2동주민센터,127.019889502962,37.6446445798944,주민센터
141,서울특별시 강북구 노해로 36,수유3동주민센터,127.023146416902,37.6387146974318,주민센터
142,서울특별시 강북구 삼양로 139길 49,우이동주민센터,127.011869707413,37.6479342499954,주민센터
143,서울특별시 강북구 인수봉로 255,인수동주민센터,127.010596846898,37.6414869298367,주민센터
144,서울특별시 도봉구 노해로 147,쌍문제1동 주민센터,127.02605127382,37.6480378363083,주민센터
145,서울특별시 도봉구 도봉로138길 21,쌍문제2동 주민센터,,,주민센터
146,서울특별시 도봉구 노해로44길9,쌍문제3동 주민센터,127.027921076558,37.6489815490715,주민센터
147,서울특별시 도봉구 시루봉로 62-7,쌍문제4동 주민센터,127.028405175817,37.6564637346714,주민센터
148,서울특별시 도봉구 방학로2길 27,방학제1동 주민센터,127.040659098818,37.6642285904882,주민센터
149,서울특별시 도봉구 시루봉로 226,방학제2동 주민센터,127.035051179905,37.6682135355595,주민센터
150,서울특별시 도봉구 시루봉로 94,방학제3동 주민센터,127.028010685176,37.6591757846693,주민센터
151,서울특별시 도봉구 해등로 46,창제1동 주민센터,127.043823820431,37.648377109037,주민센터
152,서울특별시 도봉구 덕릉로59길 73-3,창제2동 주민센터,127.03565303079,37.6414150754985,주민센터
153,서울특별시 도봉구 덕릉로62길 89,창제3동 주민센터,127.042990419303,37.637999880222,주민센터
154,서울특별시 도봉구 노해로 390,창제4동 주민센터,127.05153933365,37.6522381266541,주민센터
155,서울특별시 도봉구 도봉로136나길 20,창제5동 주민센터,127.043586771867,37.6563344061766,주민센터
156,서울특별시 도봉구 도봉로169나길 22,도봉제1동 주민센터,127.043413256889,37.6786908578614,주민센터
157,서울특별시 도봉구 마들로 668,도봉제2동 주민센터,127.046533990328,37.6696756392976,주민센터
158,서울특별시 노원구 석계로 59,월계1동주민센터,127.062883255067,37.6199918622891,주민센터
159,서울특별시 노원구 초안산로5길 28,월계2동주민센터,127.050786610235,37.6325233860572,주민센터
160,서울특별시 노원구 마들로 57,월계3동주민센터,127.069231794055,37.6210049827247,주민센터
161,서울특별시 노원구 동일로186길 3-24,공릉1동주민센터,127.07375045554,37.6247780118805,주민센터
162,서울특별시 노원구 노원로1길 68,공릉2동주민센터,127.083378728768,37.6212871238951,주민센터
163,서울특별시 노원구 노원로 261,하계1동주민센터,127.072559949784,37.6405590629798,주민센터
164,서울특별시 노원구 공릉로55길 88,하계2동주민센터,127.06795177996,37.6320432631722,주민센터
165,서울특별시 노원구 중계로 143,중계본동주민센터,127.080286240174,37.6478032840767,주민센터
166,서울특별시 노원구 한글비석로 279,중계1동주민센터,127.077475786265,37.652548027516,주민센터
167,서울특별시 노원구 노원로17길 56,중계2.3동주민센터,127.068731778365,37.6421297887785,주민센터
168,서울특별시 노원구 덕릉로82길 50,중계4동주민센터,127.077975230268,37.6587636640129,주민센터
169,서울특별시 노원구 동일로 1697,상계1동주민센터,127.054960484217,37.6799298430343,주민센터
170,서울특별시 노원구 상계로 118,상계2동주민센터,127.067864123732,37.6574831321849,주민센터
171,서울특별시 노원구 덕릉로 859,상계3.4동주민센터,127.083236278809,37.6729112292333,주민센터
172,서울특별시 노원구 한글비석로 432,상계5동주민센터,127.069497998505,37.6627370651448,주민센터
173,서울특별시 노원구 노원로 429,상계6.7동주민센터,127.066950065586,37.6548836905442,주민센터
174,서울특별시 노원구 동일로227길 97,상계8동주민센터,127.051553324121,37.6667361763047,주민센터
175,서울특별시 노원구 한글비석로 487,상계9동주민센터,127.063818783995,37.6645207930447,주민센터
176,서울특별시 노원구 노원로 530,상계10동주민센터,127.060259712108,37.6612852597751,주민센터
177,서울특별시 은평구 은평로 195,녹번동주민센터,126.928822870137,37.6024574203071,주민센터
178,서울특별시 은평구 진흥로15길 10,불광제1동주민센터,126.932088119125,37.6103527347865,주민센터
179,서울특별시 은평구 연서로41길 18,불광제2동주민센터,126.927160419664,37.6263992725947,주민센터
180,서울특별시 은평구 갈현로 301,갈현제1동주민센터,126.916688820741,37.6236884825333,주민센터
181,서울특별시 은평구 연서로27길 31-6,갈현제2동주민센터,126.91577625544,37.6186753718606,주민센터
182,서울특별시 은평구 갈현로17길 10,구산동주민센터,126.910354102526,37.6117558422662,주민센터
183,서울특별시 은평구 연서로20길 24-3,대조동주민센터,126.9208071172,37.614175987132,주민센터
184,서울특별시 은평구 백련산로 179,응암제1동주민센터,126.926746220026,37.6006966955945,주민센터
185,서울특별시 은평구 백련산로 100,응암제2동주민센터,126.923068532712,37.594581582361,주민센터
186,서울특별시 은평구 불광천길 410-17,응암제3동주민센터,126.915717295669,37.5922299293515,주민센터
187,서울특별시 은평구 연서로 59,역촌동주민센터,126.915100861167,37.6044024142825,주민센터
188,서울특별시 은평구 은평로2길 2,신사제1동주민센터,126.911759712646,37.5977942623829,주민센터
189,서울특별시 은평구 증산로15길 47,신사제2동주민센터,126.908058308755,37.5902570763213,주민센터
190,서울특별시 은평구 증산서길 89,증산동주민센터,126.907027254591,37.5843547680521,주민센터
191,서울특별시 은평구 수색로280,수색동주민센터,126.893644586192,37.5835299623741,주민센터
192,서울특별시 은평구 진관2로 31,진관동주민센터,126.920735778649,37.6349631473395,주민센터
193,서울특별시 서대문구 북아현로22길 38,충현동주민센터,126.954719901091,37.5648069670552,주민센터
194,서울특별시 서대문구 성산로 694,천연동주민센터,126.959067716854,37.5711148935031,주민센터
195,서울특별시 서대문구 북아현로 24,북아현동주민센터,126.95703640486,37.5594709598715,주민센터
196,서울특별시 서대문구 연세로2나길 47,신촌동주민센터,126.939545972613,37.5578175386395,주민센터
197,서울특별시 서대문구 연희로 189,연희동주민센터,126.935220696925,37.5738870295347,주민센터
198,서울특별시 서대문구 통일로 435-1,홍제제1동주민센터,126.944889218002,37.5877060639152,주민센터
199,서울특별시 서대문구 통일로34길 27,홍제제2동주민센터,126.949369144755,37.5861054747526,주민센터
200,서울특별시 서대문구 세검정로4길 32,홍제제3동주민센터,126.949691080182,37.5937665695472,주민센터
201,서울특별시 서대문구 홍은중앙로 85,홍은제1동주민센터,126.947145325465,37.5988529944452,주민센터
202,서울특별시 서대문구 모래내로 334,홍은제2동주민센터,126.934150447819,37.5801082528102,주민센터
203,서울특별시 서대문구 모래내로15길 37,남가좌제1동주민센터,126.919715860709,37.5732568982209,주민센터
204,서울특별시 서대문구 증가로10길 28,남가좌제2동주민센터,126.923866851427,37.5784340585659,주민센터
205,서울특별시 서대문구 수색로 100-55,북가좌제1동주민센터,126.910190726399,37.5743026681567,주민센터
206,서울특별시 서대문구 응암로1길 10,북가좌제2동주민센터,126.91117553417,37.5814909121309,주민센터
207,서울특별시 마포구 만리재옛길 84,공덕동주민센터,126.96003281586,37.5501741666078,주민센터
208,서울특별시 마포구 마포대로7길 18,아현동주민센터,126.95221232191,37.5471204792664,주민센터
209,서울특별시 마포구 도화길 37,도화동주민센터,126.949875334039,37.5415310624674,주민센터
210,서울특별시 마포구 토정로31길 31,용강동주민센터,126.942707100815,37.5423155461478,주민센터
211,서울특별시 마포구 신촌로26길 10,대흥동주민센터,126.942320769699,37.555858987325,주민센터
212,서울특별시 마포구 숭문길 14,염리동주민센터,126.945647786884,37.5470741218797,주민센터
213,서울특별시 마포구 독막로 192,신수동주민센터,126.935233406875,37.5470464340792,주민센터
214,서울특별시 마포구 독막로 165,서강동주민센터,126.932061794829,37.5477347268018,주민센터
215,서울특별시 마포구 동교로15길 7,서교동주민센터,126.914589703589,37.5551104839438,주민센터
216,서울특별시 마포구 월드컵로5길 11,합정동주민센터,126.911826311014,37.5516004181515,주민센터
217,서울특별시 마포구 포은로6길 10,망원제1동주민센터,126.905591296196,37.5555883684512,주민센터
218,서울특별시 마포구 방울내로7길 11,망원제2동주민센터,126.902317132042,37.560311343846,주민센터
219,서울특별시 마포구 성미산로29길 17-9,연남동주민센터,126.922021367001,37.5645040121586,주민센터
220,서울특별시 마포구 성산로4길 15,성산제1동주민센터,126.907895665906,37.563368493241,주민센터
221,서울특별시 마포구 월드컵북로30길 22,성산제2동주민센터,126.908969523737,37.5686138420865,주민센터
222,서울특별시 마포구 매봉산로2길 16,상암동주민센터,126.894672999175,37.5783343152327,주민센터
223,서울특별시 양천구 목동서로 192,목1동주민센터,126.871189773004,37.5303656308038,주민센터
224,서울특별시 양천구 목동중앙본로 120,목2동주민센터,126.871701493477,37.5461435933542,주민센터
225,서울특별시 양천구 목동중앙남로16나길 55,목3동주민센터,126.864436156194,37.5447411807229,주민센터
226,서울특별시 양천구 목동중앙로 25,목4동주민센터,126.868422907741,37.5324416397205,주민센터
227,서울특별시 양천구 목동서로 41,목5동주민센터,126.88171654872,37.537183341198,주민센터
228,서울특별시 양천구 곰달래로1길 38,신월1동주민센터,126.831527287922,37.5328062560998,주민센터
229,서울특별시 양천구 중앙로53길 47,신월2동주민센터,126.844569461617,37.5249742617031,주민센터
230,서울특별시 양천구 남부순환로54길 5,신월3동주민센터,126.829082167184,37.5336317527648,주민센터
231,서울특별시 양천구 오목로5길 34,신월4동주민센터,126.840081055666,37.5246958066952,주민센터
232,서울특별시 양천구 화곡로4길 10,신월5동주민센터,126.82717428618,37.5385821309704,주민센터
233,서울특별시 양천구 남부순환로83길 53,신월6동주민센터,126.845086473562,37.5180156016829,주민센터
234,서울특별시 양천구 지양로14길 17,신월7동주민센터,126.832928150264,37.5242450448382,주민센터
235,서울특별시 양천구 중앙로32길 1,신정1동주민센터,126.854286078199,37.5185718753061,주민센터
236,서울특별시 양천구 목동동로 154,신정2동주민센터,126.870674007105,37.5192141795428,주민센터
237,서울특별시 양천구 중앙로 209,신정3동주민센터,126.854789187328,37.5151471525982,주민센터
238,서울특별시 양천구 오목로34길 5,신정4동주민센터,126.855802998197,37.5245603552186,주민센터
239,서울특별시 양천구 목동서로 353,신정6동주민센터,126.864388634123,37.5170567070217,주민센터
240,서울특별시 양천구 목동동로 37,신정7동주민센터,126.859671273515,37.5143994546524,주민센터
241,서울특별시 강서구 양천로67가길 63,염창동주민센터,126.870965709884,37.5537713605699,주민센터
242,서울특별시 강서구 공항대로53가길 55,등촌제1동주민센터,126.858909826177,37.5558286920144,주민센터
243,서울특별시 강서구 등촌로 143,등촌제2동주민센터,126.862503524329,37.5426582697335,주민센터
244,서울특별시 강서구 화곡로63길 96,등촌제3동주민센터,126.847918503729,37.5588877147909,주민센터
245,서울특별시 강서구 초록마을로5길 29,화곡본동주민센터,126.847663387088,37.5440482285823,주민센터
246,서울특별시 강서구 곰달래로 79,화곡제1동주민센터,126.841592468912,37.5305085792254,주민센터
247,서울특별시 강서구 곰달래로37길 13,화곡제2동주민센터,126.85448849162,37.5318278393342,주민센터
248,서울특별시 강서구 강서로33가길 17,화곡제3동주민센터,126.838413904522,37.5425263107981,주민센터
249,서울특별시 강서구 곰달래로57가길 26,화곡제4동주민센터,126.860748859236,37.5348023810775,주민센터
250,서울특별시 강서구 공항대로46길 105,화곡제6동주민센터,126.850960883259,37.5515423429894,주민센터
251,서울특별시 강서구 곰달래로25길 45,화곡제8동주민센터,126.848330353668,37.5326957734345,주민센터
252,서울특별시 강서구 우현로 34,우장산동주민센터,126.84183628546,37.5482885936639,주민센터
253,서울특별시 강서구 허준로 30,가양제1동주민센터,126.844704641864,37.5694881576939,주민센터
254,서울특별시 강서구 허준로 93,가양제2동주민센터,126.851271247021,37.567398916698,주민센터
255,서울특별시 강서구 허준로 202,가양제3동주민센터,126.860557684934,37.5610869730624,주민센터
256,서울특별시 강서구 강서로47길 54,발산제1동주민센터,126.833177427574,37.5531162952955,주민센터
257,서울특별시 강서구 송정로 45,공항동주민센터,126.810074279462,37.5587828080206,주민센터
258,서울특별시 강서구 방화대로 330,방화제1동주민센터,126.81705095373,37.5703425089832,주민센터
259,서울특별시 강서구 개화동로21길 52,방화제2동주민센터,126.805829896606,37.5717239203209,주민센터
260,서울특별시 강서구 금낭화로24길 5,방화제3동주민센터,126.813657528897,37.5787189637477,주민센터
261,서울특별시 구로구 신도림로 40,신도림동주민센터,126.880595187662,37.5077799888291,주민센터
262,서울특별시 구로구 구일로4길 57,구로제1동주민센터,126.87578825879,37.4930400779698,주민센터
263,서울특별시 구로구 구로동로 141,구로제2동주민센터,126.883399005517,37.4913197035995,주민센터
264,서울특별시 구로구 디지털로31길 109,구로제3동주민센터,126.890329956186,37.4873470419847,주민센터
265,서울특별시 구로구 구로동로28길 94,구로제4동주민센터,126.88914890381,37.4915766195207,주민센터
266,서울특별시 구로구 구로중앙로28길 66,구로제5동주민센터,126.889337826242,37.5001031095616,주민센터
267,서울특별시 구로구 우마2길 35,가리봉동주민센터,126.889642081371,37.4825498854275,주민센터
268,서울특별시 구로구 중앙로3길 18-8,고척제1동주민센터,126.862788448143,37.5004044830797,주민센터
269,서울특별시 구로구 중앙로15길 22,고척제2동주민센터,126.858605261153,37.5066920780918,주민센터
270,서울특별시 구로구 경인로33길 51,개봉제1동주민센터,126.851138791482,37.5002412611033,주민센터
271,서울특별시 구로구 개봉로16가길 17,개봉제2동주민센터,126.856590641478,37.4907133787792,주민센터
272,서울특별시 구로구 개봉로3길 47-5,개봉제3동주민센터,126.853838305598,37.4859944046897,주민센터
273,서울특별시 구로구 경인로27길 7,오류제1동주민센터,126.845121920929,37.4970283791018,주민센터
274,서울특별시 구로구 오류로 45,오류제2동주민센터,126.83950452972,37.4887870351054,주민센터
275,서울특별시 구로구 오리로15길 32,수궁동주민센터,126.83147678043,37.4938915011652,주민센터
276,서울특별시 구로구 연동로 191-19,항동주민센터,126.822446055365,37.4790900449838,주민센터
277,서울특별시 금천구 가산로 129,가산동주민센터,126.8917817099,37.4768918173319,주민센터
278,서울특별시 금천구 시흥대로123길 11,독산제1동주민센터,126.8970437257,37.4702190458977,주민센터
279,서울특별시 금천구 독산로 179,독산제2동주민센터,126.9034824605,37.4631474004015,주민센터
280,서울특별시 금천구 독산로 317,독산제3동주민센터,126.903174548219,37.4751604116651,주민센터
281,서울특별시 금천구 독산로 232,독산제4동주민센터,126.90216823719,37.4675535252932,주민센터
282,서울특별시 금천구 시흥대로58길 36,시흥제1동주민센터,126.90325055637,37.4535519719172,주민센터
283,서울특별시 금천구 금하로 764,시흥제2동주민센터,126.914294242315,37.4496122565838,주민센터
284,서울특별시 금천구 시흥대로18길 40,시흥제3동주민센터,126.905801689245,37.4402590318123,주민센터
285,서울특별시 금천구 독산로36길 14,시흥제4동주민센터,126.906184435083,37.4589787929017,주민센터
286,서울특별시 금천구 금하로24길 6,시흥제5동주민센터,126.908341459055,37.450734597329,주민센터
287,서울특별시 영등포구 신길로61길 17,영등포본동주민센터,126.909339360003,37.5146663332687,주민센터
288,서울특별시 영등포구 영등포로53길 22,영등포동주민센터,126.910697572386,37.520389368725,주민센터
289,서울특별시 영등포구 국제금융로 124,여의동주민센터,126.934614020991,37.517693912112,주민센터
290,서울특별시 영등포구 양산로23길 11,당산제1동주민센터,126.897404872904,37.5251281135703,주민센터
291,서울특별시 영등포구 당산로41가길 7,당산제2동주민센터,126.897347826726,37.5310115134124,주민센터
292,서울특별시 영등포구 도영로7길 10,도림동주민센터,126.895999582851,37.5094933996277,주민센터
293,서울특별시 영등포구 문래로 28길 15,문래동주민센터,126.899523304199,37.5171097508358,주민센터
294,서울특별시 영등포구 영등포로11길 12,양평제1동주민센터,126.888226335348,37.5236462851594,주민센터
295,서울특별시 영등포구 선유로47길 30,양평제2동주민센터,126.894039419262,37.5365013611163,주민센터
296,서울특별시 영등포구 영등포로84길 24-5,신길제1동주민센터,126.921442246927,37.511168746002,주민센터
297,서울특별시 영등포구 신길로41라길 13-8,신길제3동주민센터,126.9077530991,37.5072994863234,주민센터
298,서울특별시 영등포구 신길로42길 1,신길제4동주민센터,126.911357724168,37.5084506667913,주민센터
299,서울특별시 영등포구 도림로264,신길제5동주민센터,126.905218994782,37.5016416007478,주민센터
300,서울특별시 영등포구 대방천로167,신길제6동주민센터,126.909867370841,37.4994225477732,주민센터
301,서울특별시 영등포구 여의대방로43길 10,신길제7동주민센터,126.921514094252,37.5063920279751,주민센터
302,서울특별시 영등포구 디지털로 441,대림제1동주민센터,126.90584198104,37.4954572331627,주민센터
303,서울특별시 영등포구 대림로 23길25,대림제2동주민센터,126.898250466218,37.4927398096313,주민센터
304,서울특별시 영등포구 가마산로364,대림제3동주민센터,126.899035605359,37.5009461272821,주민센터
305,서울특별시 동작구 장승배기로28길30,노량진제1동주민센터,126.941993604059,37.5123012050824,주민센터
306,서울특별시 동작구 장승배기로19길48,노량진제2동주민센터,126.937356730756,37.5085166908373,주민센터
307,서울특별시 동작구 상도로53길9,상도제1동주민센터,126.953081097056,37.4981013312989,주민센터
308,서울특별시 동작구 상도로211,상도제2동주민센터,126.942301201961,37.5054680463875,주민센터
309,서울특별시 동작구 성대로2길11,상도제3동주민센터,126.931404032405,37.4991257189285,주민센터
310,서울특별시 동작구 양녕로27길 44,상도제4동주민센터,126.941401181512,37.4993746428567,주민센터
311,서울특별시 동작구 흑석한강로 11,흑석동주민센터,126.966592674955,37.505776998109,주민센터
312,서울특별시 동작구 동작대로17길28,사당제1동주민센터,126.9787778588,37.4831049844826,주민센터
313,서울특별시 동작구 동작대로29길52,사당제2동주민센터,126.979252534365,37.4887124036256,주민센터
314,서울특별시 동작구 사당로17길86,사당제3동주민센터,126.972091740421,37.4866365384318,주민센터
315,서울특별시 동작구 사당로16아길6,사당제4동주민센터,126.971633687906,37.4809757528847,주민센터
316,서울특별시 동작구 사당로2가길219,사당제5동주민센터,126.966979167592,37.4856627619896,주민센터
317,서울특별시 동작구 여의대방로44길20,대방동주민센터,126.926322925125,37.5081544272176,주민센터
318,서울특별시 동작구 신대방길72,신대방제1동주민센터,126.910039394427,37.4889446914963,주민센터
319,서울특별시 동작구 여의대방로24길76,신대방제2동주민센터,126.924544023378,37.4984125346813,주민센터
320,서울특별시 관악구 봉천로 279-8,보라매동주민센터,126.932778030929,37.488175850691,주민센터
321,서울특별시 관악구 봉천로33나길 30,은천동주민센터,126.942471701629,37.4853386485391,주민센터
322,서울특별시 관악구 구암길 38,성현동주민센터,126.948159606054,37.489529886906,주민센터
323,서울특별시 관악구 양녕로6다길 7,중앙동주민센터,126.949751076601,37.4841928226531,주민센터
324,서울특별시 관악구 관악로 304,청림동주민센터,126.957711000956,37.4920505661271,주민센터
325,서울특별시 관악구 행운1길 43,행운동주민센터,126.957030927968,37.480642566485,주민센터
326,서울특별시 관악구 쑥고개로 44,청룡동주민센터,126.941640745455,37.479117496604,주민센터
327,서울특별시 관악구 낙성대로4가길 5,낙성대동주민센터,126.958332633744,37.4764963174209,주민센터
328,서울특별시 관악구 남부순환로246가길 20,인헌동주민센터,126.965324324112,37.4750993079191,주민센터
329,서울특별시 관악구 남현1가길 29,남현동주민센터,126.977875262005,37.4746878600089,주민센터
330,서울특별시 관악구 신림동길 14,신림동주민센터,126.927113892829,37.4873960036367,주민센터
331,서울특별시 관악구 조원로 142,신사동주민센터,126.918035925595,37.4854128826862,주민센터
332,서울특별시 관악구 조원로12길 25,조원동주민센터,126.907794711951,37.4825632837387,주민센터
333,서울특별시 관악구 난곡로 249,미성동주민센터,126.915551712171,37.4761749820106,주민센터
334,서울특별시 관악구 난곡로30길 40,난곡동주민센터,126.921641754215,37.4710218868295,주민센터
335,서울특별시 관악구 난곡로 67,난향동주민센터,126.918779549158,37.4615090617577,주민센터
336,서울특별시 관악구 신림로 282,서원동주민센터,126.931374697807,37.4797691760614,주민센터
337,서울특별시 관악구 신원로3길 13,신원동주민센터,126.927379894332,37.481610612905,주민센터
338,서울특별시 관악구 신림로29길 6,서림동주민센터,126.934999550063,37.474995875814,주민센터
339,서울특별시 관악구 호암로 589,삼성동주민센터,126.93296231172,37.4701072980414,주민센터
340,서울특별시 관악구 신림로 111,대학동주민센터,126.936957347952,37.470596042652,주민센터
341,서울특별시 서초구 사임당로 89,서초1동주민센터,127.019538409494,37.490126831494,주민센터
342,서울특별시 서초구 서초대로 70길 51,서초2동주민센터,127.024947759276,37.4920694663699,주민센터
343,서울특별시 서초구 반포대로 34,서초3동주민센터,127.011991342452,37.4837163548787,주민센터
344,서울특별시 서초구 서운로26길 3,서초4동주민센터,127.022210022593,37.5027155848517,주민센터
345,서울특별시 서초구 나루터로 38,잠원동주민센터,127.013982138807,37.5149680773796,주민센터
346,서울특별시 서초구 신반포로 3길 8,반포본동주민센터,126.986903961393,37.5021389516353,주민센터
347,서울특별시 서초구 사평대로 273,반포1동주민센터,127.013378619457,37.505094038027,주민센터
348,서울특별시 서초구 신반포로 127,반포2동주민센터,126.998278787595,37.5044198399477,주민센터
349,서울시 서초구 신반포로23길 78,반포3동주민센터,127.005608676323,37.5120479869331,주민센터
350,서울특별시 서초구 사평대로28길 70,반포4동주민센터,127.000328627422,37.4974858902084,주민센터
351,서울특별시 서초구 동광로19길 38,방배본동주민센터,126.988846953989,37.4941486658541,주민센터
352,서울특별시 서초구 효령로29길 43,방배1동주민센터,126.994513882452,37.4833616584158,주민센터
353,서울특별시 서초구 청두곶길 36,방배2동주민센터,126.985559635599,37.4797726352465,주민센터
354,서울특별시 서초구 방배로 40,방배3동주민센터,126.999996608286,37.4784387624575,주민센터
355,서울시 서초구 방배로 173,방배4동주민센터,126.992242397414,37.4890076091191,주민센터
356,서울특별시 서초구 바우뫼로 41,양재1동주민센터,127.026668787325,37.4716710604482,주민센터
357,서울특별시 서초구 강남대로12길 44,양재2동주민센터,127.041282929115,37.470645022437,주민센터
358,서울시 서초구 청계산로15길 77,내곡동주민센터,127.058228806725,37.449265248671,주민센터
359,서울특별시 강남구 압구정로 128,신사동주민센터,127.022796432269,37.5239744838924,주민센터
360,서울특별시 강남구 학동로20길 25,논현1동주민센터,127.028534514417,37.5115038006292,주민센터
361,서울특별시 강남구 학동로43길 17,논현2동주민센터,127.037204204847,37.5172831299803,주민센터
362,서울특별시 강남구 압구정로33길48,압구정동주민센터,127.030652229884,37.5306172350842,주민센터
363,서울특별시 강남구 압구정로79길 26,청담동주민센터,127.04929111534,37.5250921105077,주민센터
364,서울특별시 강남구 봉은사로 616,삼성1동주민센터,127.062500972093,37.5143322980746,주민센터
365,서울특별시 강남구 봉은사로 419,삼성2동주민센터,127.045976897595,37.5112072748222,주민센터
366,서울특별시 강남구 남부순환로391길 19,대치1동주민센터,127.056775033534,37.4932448144137,주민센터
367,서울특별시 강남구 영동대로65길 24,대치2동주민센터,127.064187680006,37.5023043321987,주민센터
368,서울특별시 강남구 도곡로77길 23,대치4동주민센터,127.05784954077,37.499729738243,주민센터
369,서울특별시 강남구 역삼로7길 16,역삼1동주민센터,127.033283840382,37.4953732068069,주민센터
370,서울특별시 강남구 도곡로43길 25,역삼2동주민센터,127.046815005151,37.4959738258689,주민센터
371,"서울특별시 강남구 도곡로18길 57, 2층",도곡1동주민센터,127.038880370672,37.4883103031337,주민센터
372,서울특별시 강남구 남부순환로378길 34-9,도곡2동주민센터,127.046406996821,37.4837230766034,주민센터
373,서울 강남구 개포로 303 현대1차상가아파트 상가동 103호(개포1동주민센터 임시청사),개포1동주민센터(임시청사),127.054393140278,37.4832803381496,주민센터
374,서울특별시 강남구 개포로 511,개포2동주민센터,127.069076808968,37.4897836200138,주민센터
375,서울특별시 강남구 개포로38길 12,개포4동주민센터,127.051658546571,37.4788199494219,주민센터
376,서울특별시 강남구 광평로 126,일원본동주민센터,127.08648285102,37.4833790591537,주민센터
377,서울특별시 강남구 개포로 615 석탑프라자 5층(일원1동주민센터 임시청사),일원1동주민센터(임시청사),127.07558248914,37.4926580850327,주민센터
378,서울특별시 강남구 개포로 615 석탑프라자 5층(개포3동주민센터 임시청사),개포3동주민센터(임시청사),127.07558248914,37.4926580850327,주민센터
379,"서울특별시 강남구 광평로56길 11, 도시개발아파트 내(수서소망교회 옆)(수서동주민센터 임시청사)",수서동주민센터(임시청사),127.105794693568,37.4878478418441,주민센터
380,서울특별시 강남구 밤고개로 286,세곡동주민센터,127.106912529003,37.4690492648152,주민센터
381,서울특별시 송파구 천호대로 152길 7,풍납1동주민센터,127.122074149586,37.5380723743603,주민센터
382,서울특별시 송파구 토성로 52,풍납2동주민센터,127.115730263603,37.5292399469116,주민센터
383,서울특별시 송파구 오금로53길 32,거여1동주민센터,127.143314493374,37.4969299870887,주민센터
384,서울특별시 송파구 거마로2길 19,거여2동주민센터,127.146822326781,37.4935489790566,주민센터
385,서울특별시 송파구 마천로 303,마천1동주민센터,127.149951962974,37.4960009205071,주민센터
386,서울특별시 송파구 마천로 287,마천2동주민센터,127.148563823047,37.4967798820036,주민센터
387,서울특별시 송파구 위례성대로 16길 22,방이1동주민센터,127.123905750349,37.510971215035,주민센터
388,"서울특별시 송파구 올림픽로34길 5-13, 2층",방이2동주민센터,127.111304997116,37.5164187045556,주민센터
389,서울특별시 송파구 양재대로 1232,오륜동주민센터,127.134274032134,37.5155572540216,주민센터
390,서울특별시 송파구 중대로 25길 5,오금동주민센터,127.128069798155,37.5029878384588,주민센터
391,서울특별시 송파구 백제고분로 392,송파1동주민센터,127.109312381921,37.5062635478027,주민센터
392,서울특별시 송파구 송이로 32,송파2동주민센터,127.116717081522,37.5023368215249,주민센터
393,서울특별시 송파구 백제고분로 37길 16,석촌동주민센터,127.10368921283,37.503565692718,주민센터
394,서울특별시 송파구 백제고분로 236,삼전동주민센터,127.092521071318,37.5027290138713,주민센터
395,서울특별시 송파구 송파대로 28길 39,가락본동주민센터,127.121761257971,37.4955803136791,주민센터
396,서울특별시 송파구 양재대로 925,가락1동주민센터,127.109854416702,37.4965040743966,주민센터
397,서울특별시 송파구 중대로 20길 6,가락2동주민센터,127.126609141848,37.498673687119,주민센터
398,서울특별시 송파구 동남로 116,문정1동주민센터,127.124179129902,37.4900761600769,주민센터
399,서울특별시 송파구 중대로 16,문정2동주민센터,127.110896763517,37.4898833140171,주민센터
400,서울특별시 송파구 새말로 19길 6,장지동주민센터,127.132438260055,37.4869658332588,주민센터
401,서울특별시 송파구 위례광장로 210,위례동주민센터,127.143935580628,37.4811495349987,주민센터
402,서울특별시 송파구 백제고분로 145,잠실본동주민센터,127.08322399587,37.5061079416033,주민센터
403,서울특별시 송파구 올림픽로 159,잠실2동주민센터,127.088540928785,37.5118915880823,주민센터
404,서울특별시 송파구 잠실로51-31,잠실3동주민센터,127.094375204287,37.5132996645883,주민센터
405,서울특별시 송파구 올림픽로35길 16,잠실4동주민센터,127.112244621596,37.5201082330709,주민센터
406,서울특별시 송파구 올림픽로35길 120,잠실6동주민센터,127.100639918835,37.5181186452107,주민센터
407,"서울특별시 송파구 올림픽로 4길 17, 2층",잠실7동주민센터,127.076519720568,37.5086522270453,주민센터
408,서울특별시 강동구 아리수로93길 9-14,강일동주민센터,127.173907208578,37.5650410267754,주민센터
409,서울 강동구 구천면로 633,상일제1동주민센터,127.168300643929,37.5505830263464,주민센터
410,"서울 강동구 상일로6길 51, 다올빌딩",상일제2동주민센터,127.175865600206,37.5499275179724,주민센터
411,"서울 강동구 양재대로1634, 2층",명일제1동주민센터,127.144345072606,37.5512617475137,주민센터
412,서울특별시 강동구 상암로 260,명일제2동주민센터,127.151352423806,37.5463637986239,주민센터
413,서울특별시 강동구 양재대로 156길 123,고덕제1동주민센터,127.151521837857,37.5572713259645,주민센터
414,서울특별시 강동구 아리수로78길 43-12,고덕제2동주민센터,127.164356312468,37.5605065736025,주민센터
415,서울특별시 강동구 올림픽로98가길 57,암사제1동주민센터,127.13263958229,37.5514791023521,주민센터
416,서울특별시 강동구 상암로3길 28,암사제2동주민센터,127.127270860056,37.5517062961965,주민센터
417,서울특별시 강동구 고덕로 137,암사제3동주민센터,127.140784057162,37.554996356036,주민센터
418,서울특별시 강동구 구천면로42길 59,천호제1동주민센터,127.136819801695,37.5450038148547,주민센터
419,서울특별시 강동구 올림픽로 698,천호제2동주민센터,127.125431067443,37.5434513364088,주민센터
420,"서울 강동구 천호대로1089, 16층~17층",천호제3동주민센터,127.133115595362,37.5366048791746,주민센터
421,서울특별시 강동구 성내로 13,성내제1동주민센터,127.122457971748,37.5304777153323,주민센터
422,서울특별시 강동구 풍성로37가길 62,성내제2동주민센터,127.129540806014,37.5324304659683,주민센터
423,서울특별시 강동구 강동대로53길 76,성내제3동주민센터,127.132883915894,37.5260421682406,주민센터
424,서울 강동구 천호대로1183,길동주민센터,127.142685789592,37.5345623092458,주민센터
425,서울 강동구 천호대로186길 7 둔촌2동주민센터 내,둔촌제1동주민센터,127.141948516017,37.5333461266521,주민센터
426,서울특별시 강동구 천호대로186길 7,둔촌제2동주민센터,127.141948516017,37.5333461266521,주민센터
