파출소명,경도,위도
서울경찰청,126.9720616,37.57481465
경찰청,126.9675611,37.56339789
을지지구대,127.0001471,37.56306267
광희지구대,127.0134015,37.56524863
약수지구대,127.0123806,37.55213923
종로2가지구대,126.9889181,37.57049266
충정로지구대,126.9611356,37.56988042
신촌지구대,126.9430126,37.55855024
원효지구대,126.9659797,37.53879569
용중지구대,126.9784808,37.5491376
한강로지구대,126.9701823,37.52396094
돈암지구대,127.0124153,37.59732772
안암지구대,127.0165982,37.58672072
길음지구대,127.0192537,37.61060739
월곡지구대,126.8091307,35.17944506
답십리지구대,127.051052,37.57126601
용신지구대,127.0371747,37.57278487
이문지구대,127.0681111,37.59645818
서강지구대,126.929315,37.54734884
공덕지구대,126.954081,37.55179398
월드컵지구대,126.909083,37.56873187
홍익지구대,126.9133677,37.55184681
용강지구대,126.9431062,37.5425846
중앙지구대,126.9075338,37.51801522
여의도지구대,126.926689,37.52960835
문래지구대,126.8976715,37.51358857
신풍지구대,126.9127818,37.4990801
신길지구대,126.9265243,37.51295051
당산지구대,126.9012737,37.53362632
대림지구대,126.8987213,37.49342858
한양지구대,127.041809,37.56032975
성수지구대,127.0552414,37.54820401
서울숲지구대,127.0522739,37.53806371
사당지구대,126.9792929,37.48078309
노량진지구대,126.9332955,37.51112098
상도지구대,126.9362045,37.50593461
남성지구대,128.5701707,35.20320691
흑석지구대,126.9601343,37.5093509
신대방지구대,126.9059398,37.48662654
광나루지구대,127.1033347,37.544456
화양지구대,127.0713315,37.54661684
응암지구대,126.9264643,37.60164103
신사지구대,126.9053524,37.59177275
미아지구대,127.0282816,37.62015605
솔샘지구대,127.0304231,37.61632092
문성지구대,126.9034426,37.46953058
백산지구대,126.9126116,37.45108499
망우지구대,127.0956556,37.59912763
중화지구대,127.0722049,37.59799824
용마지구대,127.0799276,37.58092847
봉화지구대,127.0955488,37.61478331
역삼지구대,127.0410199,37.5083531
당곡지구대,126.9314377,37.48830194
낙성대지구대,126.957633,37.47839323
신림지구대,126.9333366,37.48400342
관악산지구대,126.9352087,37.47383026
구암지구대,126.9449065,37.48716111
신사지구대,126.9053524,37.59177275
화곡지구대,126.8504182,37.55177934
공항지구대,126.808278,37.56237001
까치산지구대,126.8455496,37.5293427
가양지구대,126.850092,37.5592581
곰달래지구대,126.8631343,37.53289451
발산지구대,126.8260169,37.54940782
천호지구대,127.1207895,37.54258338
길동지구대,127.1456543,37.52533451
성내지구대,127.1269663,37.52842759
암사지구대,127.1407845,37.55499681
장위지구대,127.0537694,37.6194228
신구로지구대,126.8838761,37.50222676
오류지구대,126.8388359,37.49477845
구일지구대,126.8907258,37.48930566
고척지구대,126.858318,37.50659217
개봉지구대,126.8564552,37.49183145
반포지구대,127.0054514,37.50598144
목1지구대,126.8784667,37.53512594
목2지구대,126.8623876,37.54460483
신정1지구대,126.8607852,37.52029757
신정2지구대,126.8635469,37.52442017
신월2지구대,126.8344051,37.52053022
방이지구대,127.1257592,37.51024305
잠실지구대,127.0821389,37.51209065
삼전지구대,127.0927492,37.5026745
가락지구대,127.1253319,37.49820608
문정지구대,127.1269944,37.47820194
당현지구대,127.0683816,37.64201196
월계지구대,127.0593196,37.63367375
화랑지구대,127.0746391,37.62253607
노원역지구대,127.0669429,37.65502299
불암지구대,127.077357,37.65243981
마들지구대,127.0636284,37.66457523
남태령지구대,126.9821367,37.47950862
불광지구대,126.9265989,37.62142322
연신내지구대,126.9127143,37.61521858
창동지구대,127.0517782,37.65228082
도곡지구대,127.0437077,37.50134591
대치지구대,127.0626202,37.49486097
일원지구대,127.0833748,37.49241543
개포지구대,127.0511841,37.4797764
논현1파출소,127.0292956,37.51389596
논현2파출소,127.0338523,37.51521381
삼성1파출소,127.0605455,37.51490762
삼성2파출소,127.0433046,37.51233923
청담파출소,127.0542845,37.52081403
신사파출소,127.0241393,37.51842377
압구정파출소,127.0356824,37.52931126
수서파출소,127.1048189,37.48914031
대왕파출소,127.1073265,37.46518202
둔촌파출소,127.1359318,37.52577768
명일파출소,127.1560984,37.55361705
강일파출소,127.1732109,37.56486104
고덕파출소,127.1517512,37.55737447
상일파출소,127.1658459,37.55621305
수유1파출소,127.0175913,37.63069968
수유2파출소,127.0171042,37.64090972
수유3파출소,127.0266047,37.6443353
인수파출소,127.0124359,37.63948314
번동파출소,127.0325974,37.63599068
번3파출소,127.0481652,37.62363103
삼양파출소,126.5874902,33.52175867
방화3파출소,126.8146885,37.57981538
등촌2파출소,126.8618713,37.54478803
화곡3파출소,126.8340859,37.54102213
염창파출소,126.8715753,37.55551636
남현파출소,126.9778193,37.4746965
난우파출소,126.9192416,37.46110897
미성파출소,126.915617,37.47994116
중곡1파출소,127.0827615,37.56373554
중곡2파출소,127.081413,37.56019376
중곡3파출소,127.0801411,37.56881896
중곡4파출소,127.0873044,37.56532523
자양파출소,127.071609,37.53386933
자양1파출소,127.076925,37.53665548
자양4파출소,127.0636496,37.53518574
구의파출소,127.0916678,37.54589642
구로3파출소,126.8913673,37.48667891
가리봉파출소,126.892667,37.47920173
천왕파출소,126.8425634,37.48385246
금천파출소,126.8998411,37.45424282
가산파출소,126.8880622,37.47995791
독산파출소,126.8947541,37.46465049
당고개파출소,127.0758488,37.66701867
상계1파출소,127.0550712,37.67970157
신창파출소,127.0346356,37.64350791
방학파출소,127.0400267,37.66450631
신방학파출소,127.0271084,37.65848963
도봉1파출소,127.0434208,37.67945867
도봉2파출소,127.0493016,37.68400359
쌍문파출소,127.0380329,37.65758383
숭미파출소,127.0255996,37.64747095
청량리파출소,127.045264,37.58408952
제기파출소,127.0420269,37.58556114
전농1파출소,127.0479649,37.57619575
전농2파출소,127.0542664,37.58633821
장안1파출소,127.065001,37.56963556
장안2파출소,127.0744168,37.57676228
휘경파출소,127.0680121,37.58470209
회기파출소,127.0518762,37.59112896
대방파출소,126.9205764,37.4985522
상암파출소,126.8938336,37.57829311
망원파출소,126.9027719,37.55436496
연남파출소,126.9237309,37.56033325
홍은파출소,126.9463816,37.59525833
연희파출소,126.9328749,37.57027949
남가좌파출소,126.9240624,37.57606935
북가좌파출소,126.9105666,37.5813235
홍제파출소,126.9445525,37.58817568
홍은2파출소,126.9362028,37.58358541
서초2파출소,127.0289597,37.48748395
서초3파출소,127.0107921,37.49197583
양재파출소,127.0378433,37.48454055
서초파출소,127.0167656,37.48530047
우면파출소,127.0160222,37.45610422
내곡파출소,127.0648011,37.45498921
서래파출소,126.9969691,37.50211081
이수파출소,126.9888457,37.49414903
방배1파출소,126.9953191,37.48394465
왕십리파출소,127.0326577,37.56666845
행당파출소,127.0288962,37.55739277
옥수파출소,127.0143368,37.54383721
금호파출소,127.0196105,37.55472412
응봉파출소,127.0300566,37.54980247
용답파출소,127.0517855,37.56478753
정릉파출소,127.0086036,37.61607225
정릉2파출소,127.0107087,37.60456104
성북파출소,126.9984737,37.5932739
석관파출소,127.0552772,37.60896162
종암파출소,127.0312636,37.60009568
마천파출소,127.1482275,37.4970407
거여파출소,127.1426455,37.48747708
풍납파출소,127.117135,37.53413388
오금파출소,127.1280971,37.50689601
신천파출소,127.112577,37.52013675
송파위례파출소,127.1458539,37.47788193
신월1파출소,126.8322469,37.5320699
신정3파출소,126.8550084,37.51490262
신월5파출소,126.8307071,37.5390892
양평파출소,126.8896861,37.52272476
대림3파출소,126.8966375,37.49898779
영등포역파출소,126.9088446,37.51545379
이태원파출소,126.9944131,37.53425851
한남파출소,127.0063673,37.53110137
보광파출소,127.0002489,37.52672267
삼각지파출소,126.974701,37.5361156
녹번파출소,126.9318618,37.60881975
응암3파출소,126.9175349,37.59052771
역촌파출소,126.9150868,37.60461026
진관파출소,126.9209111,37.63995824
대조파출소,126.9242648,37.60866015
관수파출소,126.9863455,37.56869671
세검정파출소,126.9584633,37.60002403
평창파출소,126.9666324,37.60527039
삼청파출소,126.9814623,37.58234341
통의파출소,126.9739989,37.57678287
청운파출소,126.9705908,37.58422788
옥인파출소,126.9694326,37.58147055
교남파출소,126.9622054,37.57179898
신문로파출소,126.9722352,37.57075661
사직파출소,126.9690361,37.57655552
청진파출소,126.9826691,37.57300569
혜화파출소,127.0014085,37.58608758
대학로파출소,127.0060453,37.57856955
명륜파출소,126.9976087,37.58928789
창신파출소,127.0135646,37.57847071
동묘파출소,127.0171384,37.57270839
덕산파출소,127.0093392,37.57438511
종로5가파출소,127.0016074,37.57071662
효제파출소,127.0048766,37.57292938
신당파출소,127.0163896,37.56505003
장충파출소,127.0048078,37.5587513
충무파출소,126.9915567,37.5608306
을지로3가파출소,126.9928645,37.56620783
세종로파출소,126.9764432,37.56898347
태평로파출소,126.9799966,37.56801195
서울역파출소,126.9716812,37.55689465
명동파출소,126.9839684,37.56359047
남대문파출소,126.9763909,37.55901574
중림파출소,126.9671108,37.55788186
회현파출소,126.9787316,37.55845036
서소문파출소,126.9754703,37.56382327
면목본동파출소,127.0938799,37.58819462
면목삼팔파출소,127.0841733,37.58318882
상봉파출소,127.0728473,37.59130619
먹골파출소,127.0815629,37.61460279
다산치안센터,128.4588167,35.86222602
DDP치안센터,126.9922981,37.57117769
충4치안센터,126.9953459,37.56240215
무학치안센터,126.9922981,37.57117769
황학치안센터,126.9922981,37.57117769
구기치안센터,126.9563967,37.60951251
종로3가치안센터,126.9922981,37.57117769
효제치안센터,126.9922981,37.57117769
북아현치안센터,126.9553784,37.56245147
신촌치안센터,127.9527072,37.51439281
북아현1치안센터,126.9553784,37.56245147
청파치안센터,126.9708962,37.54409038
남영치안센터,,
용산치안센터,126.9856695,37.54600681
한남2치안센터,127.0015207,37.53978357
이촌한강치안센터,126.9626747,37.52049985
이촌치안센터,126.9733066,37.5213668
코엑스치안센터,127.0592782,37.5100077
청담2치안센터,127.0305331,37.53061105
압구정치안센터,127.0305331,37.53061105
도곡치안센터,127.0322166,37.49388567
역서치안센터,127.0322166,37.49388567
은마치안센터,127.0614832,37.49835747
수서역치안센터,,
천호2치안센터,127.1182736,37.54583673
천호3치안센터,127.1182736,37.54583673
길동2치안센터,127.1673826,37.54700269
암사1치안센터,127.1182736,37.54583673
천호1치안센터,127.1182736,37.54583673
성내2치안센터,127.1182736,37.54583673
명일1치안센터,127.1182736,37.54583673
상일치안센터,127.1673826,37.54700269
동화치안센터,127.0267799,37.62714806
미아3치안센터,127.0267799,37.62714806
숭인치안센터,127.0135003,37.58620575
우이치안센터,127.0129974,37.66311676
번2치안센터,,
수유6치안센터,127.0157815,37.6442039
화곡본동치안센터,126.8453818,37.5437837
개화2치안센터,126.7999409,37.57930117
보라매치안센터,126.9292863,37.48189631
행운치안센터,,
인헌치안센터,126.9410669,37.47822035
서원치안센터,126.9292863,37.48189631
신원치안센터,126.9708962,37.54409038
청룡2치안센터,126.9410669,37.47822035
대학동치안센터,126.9410669,37.47822035
삼성치안센터,127.0592782,37.5100077
청림치안센터,129.4036358,35.99564823
난곡치안센터,126.9292863,37.48189631
자양2치안센터,127.0847367,37.52882584
대공원치안센터,127.0129672,37.4363904
구의3치안센터,127.0978986,37.53918798
구로치안센터,126.8529377,37.49800443
신도림치안센터,126.8808649,37.50766043
구로1치안센터,126.8751637,37.49119677
구로2치안센터,126.8833096,37.49130241
개봉1치안센터,126.8529377,37.49800443
개봉치안센터,126.8529377,37.49800443
개봉3치안센터,126.8538254,37.48585275
수궁치안센터,126.8529377,37.49800443
독산본치안센터,,
시흥4치안센터,,
시흥5치안센터,,
시흥본치안센터,126.9041975,37.45553218
시흥3치안센터,126.9026278,37.44576842
신독산치안센터,,
하계1치안센터,127.0724702,37.63329159
월계치안센터,127.0514227,37.61001392
월계2치안센터,127.0724702,37.63329159
월계3치안센터,127.0724702,37.63329159
공릉치안센터,127.0724702,37.63329159
공릉2치안센터,127.0866283,37.62263599
중계본치안센터,,
상계4치안센터,,
상계8치안센터,,
방학2치안센터,127.0306643,37.66287293
답십리1치안센터,127.056811,37.56466269
답십리2치안센터,127.0733168,37.56784672
신설치안센터,,
용두치안센터,127.056811,37.56466269
장안1차치안센터,,
전농4치안센터,127.0733168,37.56784672
남장안치안센터,,
장안3치안센터,127.0733168,37.56784672
이문2치안센터,,
휘경2치안센터,127.0514227,37.61001392
노들치안센터,,
흑석2치안센터,,
상도2치안센터,126.939116,37.50416296
상도3치안센터,126.9205764,37.4985522
상도4치안센터,126.939116,37.50416296
상도5치안센터,126.939116,37.50416296
사당3치안센터,126.9869284,37.49090881
사당4치안센터,126.9869284,37.49090881
사당5치안센터,126.9869284,37.49090881
신대방2치안센터,126.9245256,37.49840342
아현치안센터,126.9553784,37.56245147
도화치안센터,126.656707,37.46708555
대흥치안센터,126.7925495,36.60584452
노고산치안센터,126.9346987,37.55449325
서교치안센터,126.9286583,37.5572378
동교치안센터,126.9286583,37.5572378
망원2치안센터,126.9037404,37.56162779
반포치안센터,127.0138721,37.5149944
잠원치안센터,127.0138721,37.5149944
방서치안센타,127.0044592,37.48236068
우면치안센터,127.027172,37.47184826
방배3치안센터,126.9869284,37.49090881
염곡치안센터,127.027172,37.47184826
구반포치안센터,126.9869284,37.49090881
방배4치안센터,126.9869284,37.49090881
동마치안센터,,
마장치안센터,127.4500997,37.22325632
뚝섬치안센터,127.0443394,37.54645977
성수1치안센터,127.0443394,37.54645977
하왕치안센터,,
금남치안센터,127.2043331,36.49676043
보문치안센터,128.5111946,36.66311704
삼선치안센터,127.0135003,37.58620575
길음1치안센터,127.0250321,37.60389934
정릉1치안센터,127.0153698,37.60387937
정릉3치안센터,127.0250321,37.60389934
정릉4치안센터,127.0250321,37.60389934
성북1치안센터,127.0250321,37.60389934
석관1치안센터,127.0514227,37.61001392
장위1치안센터,127.0514227,37.61001392
장위2치안센터,127.0514227,37.61001392
월곡2치안센터,127.1292854,37.03922604
길음2치안센터,,
종암2치안센터,127.0250321,37.60389934
송파1치안센터,127.1093443,37.50635263
잠실치안센터,127.1093443,37.50635263
잠실5치안센터,127.0592782,37.5100077
석촌치안센터,127.1093443,37.50635263
가락2치안센터,127.1323843,37.49321762
문정2치안센터,127.1323843,37.49321762
마천1치안센터,,
풍납1치안센터,,
월드치안센터,,
장지치안센터,127.1323843,37.49321762
목6치안센터,,
목2치안센터,,
목4치안센터,,
목제1동치안센터,,
신정2치안센터,,
신월4치안센터,,
신월3치안센터,,
영등포2치안센터,126.8987213,37.49342858
도림치안센터,126.9047076,37.50953994
신길3치안센터,126.9047076,37.50953994
신길5치안센터,126.9077814,37.50065126
양평2치안센터,126.8965073,37.55394518
신사1치안센터,126.9179454,37.6044429
증산치안센터,128.036338,35.90160214
수색치안센터,126.9037404,37.56162779
응암1치안센터,126.9179454,37.6044429
응암4치안센터,126.9179454,37.6044429
역촌1치안센터,126.9179454,37.6044429
불광1치안센터,126.9329269,37.61830237
불광2치안센터,126.9329269,37.61830237
구산치안센터,126.9179454,37.6044429
갈현치안센터,126.9329269,37.61830237
신도치안센터,126.9312811,37.63431015
상림치안센터,126.9290194,37.64425568
망우1치안센터,,
망우3치안센터,127.0866283,37.62263599
면목4치안센터,127.0841733,37.58318882
면목7치안센터,127.0841733,37.58318882
면목2치안센터,127.0841733,37.58318882
면목1치안센터,127.0841733,37.58318882
중화1치안센터,,