id,business_name,longitude,latitude,category
1,서울경찰청,126.9720616,37.57481465,파출소
2,경찰청,126.9675611,37.56339789,파출소
3,을지지구대,127.0001471,37.56306267,파출소
4,광희지구대,127.0134015,37.56524863,파출소
5,약수지구대,127.0123806,37.55213923,파출소
6,종로2가지구대,126.9889181,37.57049266,파출소
7,충정로지구대,126.9611356,37.56988042,파출소
8,신촌지구대,126.9430126,37.55855024,파출소
9,원효지구대,126.9659797,37.53879569,파출소
10,용중지구대,126.9784808,37.5491376,파출소
11,한강로지구대,126.9701823,37.52396094,파출소
12,돈암지구대,127.0124153,37.59732772,파출소
13,안암지구대,127.0165982,37.58672072,파출소
14,길음지구대,127.0192537,37.61060739,파출소
15,월곡지구대,126.8091307,35.17944506,파출소
16,답십리지구대,127.051052,37.57126601,파출소
17,용신지구대,127.0371747,37.57278487,파출소
18,이문지구대,127.0681111,37.59645818,파출소
19,서강지구대,126.929315,37.54734884,파출소
20,공덕지구대,126.954081,37.55179398,파출소
21,월드컵지구대,126.909083,37.56873187,파출소
22,홍익지구대,126.9133677,37.55184681,파출소
23,용강지구대,126.9431062,37.5425846,파출소
24,중앙지구대,126.9075338,37.51801522,파출소
25,여의도지구대,126.926689,37.52960835,파출소
26,문래지구대,126.8976715,37.51358857,파출소
27,신풍지구대,126.9127818,37.4990801,파출소
28,신길지구대,126.9265243,37.51295051,파출소
29,당산지구대,126.9012737,37.53362632,파출소
30,대림지구대,126.8987213,37.49342858,파출소
31,한양지구대,127.041809,37.56032975,파출소
32,성수지구대,127.0552414,37.54820401,파출소
33,서울숲지구대,127.0522739,37.53806371,파출소
34,사당지구대,126.9792929,37.48078309,파출소
35,노량진지구대,126.9332955,37.51112098,파출소
36,상도지구대,126.9362045,37.50593461,파출소
37,남성지구대,128.5701707,35.20320691,파출소
38,흑석지구대,126.9601343,37.5093509,파출소
39,신대방지구대,126.9059398,37.48662654,파출소
40,광나루지구대,127.1033347,37.544456,파출소
41,화양지구대,127.0713315,37.54661684,파출소
42,응암지구대,126.9264643,37.60164103,파출소
43,신사지구대,126.9053524,37.59177275,파출소
44,미아지구대,127.0282816,37.62015605,파출소
45,솔샘지구대,127.0304231,37.61632092,파출소
46,문성지구대,126.9034426,37.46953058,파출소
47,백산지구대,126.9126116,37.45108499,파출소
48,망우지구대,127.0956556,37.59912763,파출소
49,중화지구대,127.0722049,37.59799824,파출소
50,용마지구대,127.0799276,37.58092847,파출소
51,봉화지구대,127.0955488,37.61478331,파출소
52,역삼지구대,127.0410199,37.5083531,파출소
53,당곡지구대,126.9314377,37.48830194,파출소
54,낙성대지구대,126.957633,37.47839323,파출소
55,신림지구대,126.9333366,37.48400342,파출소
56,관악산지구대,126.9352087,37.47383026,파출소
57,구암지구대,126.9449065,37.48716111,파출소
58,신사지구대,126.9053524,37.59177275,파출소
59,화곡지구대,126.8504182,37.55177934,파출소
60,공항지구대,126.808278,37.56237001,파출소
61,까치산지구대,126.8455496,37.5293427,파출소
62,가양지구대,126.850092,37.5592581,파출소
63,곰달래지구대,126.8631343,37.53289451,파출소
64,발산지구대,126.8260169,37.54940782,파출소
65,천호지구대,127.1207895,37.54258338,파출소
66,길동지구대,127.1456543,37.52533451,파출소
67,성내지구대,127.1269663,37.52842759,파출소
68,암사지구대,127.1407845,37.55499681,파출소
69,장위지구대,127.0537694,37.6194228,파출소
70,신구로지구대,126.8838761,37.50222676,파출소
71,오류지구대,126.8388359,37.49477845,파출소
72,구일지구대,126.8907258,37.48930566,파출소
73,고척지구대,126.858318,37.50659217,파출소
74,개봉지구대,126.8564552,37.49183145,파출소
75,반포지구대,127.0054514,37.50598144,파출소
76,목1지구대,126.8784667,37.53512594,파출소
77,목2지구대,126.8623876,37.54460483,파출소
78,신정1지구대,126.8607852,37.52029757,파출소
79,신정2지구대,126.8635469,37.52442017,파출소
80,신월2지구대,126.8344051,37.52053022,파출소
81,방이지구대,127.1257592,37.51024305,파출소
82,잠실지구대,127.0821389,37.51209065,파출소
83,삼전지구대,127.0927492,37.5026745,파출소
84,가락지구대,127.1253319,37.49820608,파출소
85,문정지구대,127.1269944,37.47820194,파출소
86,당현지구대,127.0683816,37.64201196,파출소
87,월계지구대,127.0593196,37.63367375,파출소
88,화랑지구대,127.0746391,37.62253607,파출소
89,노원역지구대,127.0669429,37.65502299,파출소
90,불암지구대,127.077357,37.65243981,파출소
91,마들지구대,127.0636284,37.66457523,파출소
92,남태령지구대,126.9821367,37.47950862,파출소
93,불광지구대,126.9265989,37.62142322,파출소
94,연신내지구대,126.9127143,37.61521858,파출소
95,창동지구대,127.0517782,37.65228082,파출소
96,도곡지구대,127.0437077,37.50134591,파출소
97,대치지구대,127.0626202,37.49486097,파출소
98,일원지구대,127.0833748,37.49241543,파출소
99,개포지구대,127.0511841,37.4797764,파출소
100,논현1파출소,127.0292956,37.51389596,파출소
101,논현2파출소,127.0338523,37.51521381,파출소
102,삼성1파출소,127.0605455,37.51490762,파출소
103,삼성2파출소,127.0433046,37.51233923,파출소
104,청담파출소,127.0542845,37.52081403,파출소
105,신사파출소,127.0241393,37.51842377,파출소
106,압구정파출소,127.0356824,37.52931126,파출소
107,수서파출소,127.1048189,37.48914031,파출소
108,대왕파출소,127.1073265,37.46518202,파출소
109,둔촌파출소,127.1359318,37.52577768,파출소
110,명일파출소,127.1560984,37.55361705,파출소
111,강일파출소,127.1732109,37.56486104,파출소
112,고덕파출소,127.1517512,37.55737447,파출소
113,상일파출소,127.1658459,37.55621305,파출소
114,수유1파출소,127.0175913,37.63069968,파출소
115,수유2파출소,127.0171042,37.64090972,파출소
116,수유3파출소,127.0266047,37.6443353,파출소
117,인수파출소,127.0124359,37.63948314,파출소
118,번동파출소,127.0325974,37.63599068,파출소
119,번3파출소,127.0481652,37.62363103,파출소
120,삼양파출소,126.5874902,33.52175867,파출소
121,방화3파출소,126.8146885,37.57981538,파출소
122,등촌2파출소,126.8618713,37.54478803,파출소
123,화곡3파출소,126.8340859,37.54102213,파출소
124,염창파출소,126.8715753,37.55551636,파출소
125,남현파출소,126.9778193,37.4746965,파출소
126,난우파출소,126.9192416,37.46110897,파출소
127,미성파출소,126.915617,37.47994116,파출소
128,중곡1파출소,127.0827615,37.56373554,파출소
129,중곡2파출소,127.081413,37.56019376,파출소
130,중곡3파출소,127.0801411,37.56881896,파출소
131,중곡4파출소,127.0873044,37.56532523,파출소
132,자양파출소,127.071609,37.53386933,파출소
133,자양1파출소,127.076925,37.53665548,파출소
134,자양4파출소,127.0636496,37.53518574,파출소
135,구의파출소,127.0916678,37.54589642,파출소
136,구로3파출소,126.8913673,37.48667891,파출소
137,가리봉파출소,126.892667,37.47920173,파출소
138,천왕파출소,126.8425634,37.48385246,파출소
139,금천파출소,126.8998411,37.45424282,파출소
140,가산파출소,126.8880622,37.47995791,파출소
141,독산파출소,126.8947541,37.46465049,파출소
142,당고개파출소,127.0758488,37.66701867,파출소
143,상계1파출소,127.0550712,37.67970157,파출소
144,신창파출소,127.0346356,37.64350791,파출소
145,방학파출소,127.0400267,37.66450631,파출소
146,신방학파출소,127.0271084,37.65848963,파출소
147,도봉1파출소,127.0434208,37.67945867,파출소
148,도봉2파출소,127.0493016,37.68400359,파출소
149,쌍문파출소,127.0380329,37.65758383,파출소
150,숭미파출소,127.0255996,37.64747095,파출소
151,청량리파출소,127.045264,37.58408952,파출소
152,제기파출소,127.0420269,37.58556114,파출소
153,전농1파출소,127.0479649,37.57619575,파출소
154,전농2파출소,127.0542664,37.58633821,파출소
155,장안1파출소,127.065001,37.56963556,파출소
156,장안2파출소,127.0744168,37.57676228,파출소
157,휘경파출소,127.0680121,37.58470209,파출소
158,회기파출소,127.0518762,37.59112896,파출소
159,대방파출소,126.9205764,37.4985522,파출소
160,상암파출소,126.8938336,37.57829311,파출소
161,망원파출소,126.9027719,37.55436496,파출소
162,연남파출소,126.9237309,37.56033325,파출소
163,홍은파출소,126.9463816,37.59525833,파출소
164,연희파출소,126.9328749,37.57027949,파출소
165,남가좌파출소,126.9240624,37.57606935,파출소
166,북가좌파출소,126.9105666,37.5813235,파출소
167,홍제파출소,126.9445525,37.58817568,파출소
168,홍은2파출소,126.9362028,37.58358541,파출소
169,서초2파출소,127.0289597,37.48748395,파출소
170,서초3파출소,127.0107921,37.49197583,파출소
171,양재파출소,127.0378433,37.48454055,파출소
172,서초파출소,127.0167656,37.48530047,파출소
173,우면파출소,127.0160222,37.45610422,파출소
174,내곡파출소,127.0648011,37.45498921,파출소
175,서래파출소,126.9969691,37.50211081,파출소
176,이수파출소,126.9888457,37.49414903,파출소
177,방배1파출소,126.9953191,37.48394465,파출소
178,왕십리파출소,127.0326577,37.56666845,파출소
179,행당파출소,127.0288962,37.55739277,파출소
180,옥수파출소,127.0143368,37.54383721,파출소
181,금호파출소,127.0196105,37.55472412,파출소
182,응봉파출소,127.0300566,37.54980247,파출소
183,용답파출소,127.0517855,37.56478753,파출소
184,정릉파출소,127.0086036,37.61607225,파출소
185,정릉2파출소,127.0107087,37.60456104,파출소
186,성북파출소,126.9984737,37.5932739,파출소
187,석관파출소,127.0552772,37.60896162,파출소
188,종암파출소,127.0312636,37.60009568,파출소
189,마천파출소,127.1482275,37.4970407,파출소
190,거여파출소,127.1426455,37.48747708,파출소
191,풍납파출소,127.117135,37.53413388,파출소
192,오금파출소,127.1280971,37.50689601,파출소
193,신천파출소,127.112577,37.52013675,파출소
194,송파위례파출소,127.1458539,37.47788193,파출소
195,신월1파출소,126.8322469,37.5320699,파출소
196,신정3파출소,126.8550084,37.51490262,파출소
197,신월5파출소,126.8307071,37.5390892,파출소
198,양평파출소,126.8896861,37.52272476,파출소
199,대림3파출소,126.8966375,37.49898779,파출소
200,영등포역파출소,126.9088446,37.51545379,파출소
201,이태원파출소,126.9944131,37.53425851,파출소
202,한남파출소,127.0063673,37.53110137,파출소
203,보광파출소,127.0002489,37.52672267,파출소
204,삼각지파출소,126.974701,37.5361156,파출소
205,녹번파출소,126.9318618,37.60881975,파출소
206,응암3파출소,126.9175349,37.59052771,파출소
207,역촌파출소,126.9150868,37.60461026,파출소
208,진관파출소,126.9209111,37.63995824,파출소
209,대조파출소,126.9242648,37.60866015,파출소
210,관수파출소,126.9863455,37.56869671,파출소
211,세검정파출소,126.9584633,37.60002403,파출소
212,평창파출소,126.9666324,37.60527039,파출소
213,삼청파출소,126.9814623,37.58234341,파출소
214,통의파출소,126.9739989,37.57678287,파출소
215,청운파출소,126.9705908,37.58422788,파출소
216,옥인파출소,126.9694326,37.58147055,파출소
217,교남파출소,126.9622054,37.57179898,파출소
218,신문로파출소,126.9722352,37.57075661,파출소
219,사직파출소,126.9690361,37.57655552,파출소
220,청진파출소,126.9826691,37.57300569,파출소
221,혜화파출소,127.0014085,37.58608758,파출소
222,대학로파출소,127.0060453,37.57856955,파출소
223,명륜파출소,126.9976087,37.58928789,파출소
224,창신파출소,127.0135646,37.57847071,파출소
225,동묘파출소,127.0171384,37.57270839,파출소
226,덕산파출소,127.0093392,37.57438511,파출소
227,종로5가파출소,127.0016074,37.57071662,파출소
228,효제파출소,127.0048766,37.57292938,파출소
229,신당파출소,127.0163896,37.56505003,파출소
230,장충파출소,127.0048078,37.5587513,파출소
231,충무파출소,126.9915567,37.5608306,파출소
232,을지로3가파출소,126.9928645,37.56620783,파출소
233,세종로파출소,126.9764432,37.56898347,파출소
234,태평로파출소,126.9799966,37.56801195,파출소
235,서울역파출소,126.9716812,37.55689465,파출소
236,명동파출소,126.9839684,37.56359047,파출소
237,남대문파출소,126.9763909,37.55901574,파출소
238,중림파출소,126.9671108,37.55788186,파출소
239,회현파출소,126.9787316,37.55845036,파출소
240,서소문파출소,126.9754703,37.56382327,파출소
241,면목본동파출소,127.0938799,37.58819462,파출소
242,면목삼팔파출소,127.0841733,37.58318882,파출소
243,상봉파출소,127.0728473,37.59130619,파출소
244,먹골파출소,127.0815629,37.61460279,파출소
245,다산치안센터,128.4588167,35.86222602,파출소
246,DDP치안센터,126.9922981,37.57117769,파출소
247,충4치안센터,126.9953459,37.56240215,파출소
248,무학치안센터,126.9922981,37.57117769,파출소
249,황학치안센터,126.9922981,37.57117769,파출소
250,구기치안센터,126.9563967,37.60951251,파출소
251,종로3가치안센터,126.9922981,37.57117769,파출소
252,효제치안센터,126.9922981,37.57117769,파출소
253,북아현치안센터,126.9553784,37.56245147,파출소
254,신촌치안센터,127.9527072,37.51439281,파출소
255,북아현1치안센터,126.9553784,37.56245147,파출소
256,청파치안센터,126.9708962,37.54409038,파출소
257,용산치안센터,126.9856695,37.54600681,파출소
258,한남2치안센터,127.0015207,37.53978357,파출소
259,이촌한강치안센터,126.9626747,37.52049985,파출소
260,이촌치안센터,126.9733066,37.5213668,파출소
261,코엑스치안센터,127.0592782,37.5100077,파출소
262,청담2치안센터,127.0305331,37.53061105,파출소
263,압구정치안센터,127.0305331,37.53061105,파출소
264,도곡치안센터,127.0322166,37.49388567,파출소
265,역서치안센터,127.0322166,37.49388567,파출소
266,은마치안센터,127.0614832,37.49835747,파출소
267,천호2치안센터,127.1182736,37.54583673,파출소
268,천호3치안센터,127.1182736,37.54583673,파출소
269,길동2치안센터,127.1673826,37.54700269,파출소
270,암사1치안센터,127.1182736,37.54583673,파출소
271,천호1치안센터,127.1182736,37.54583673,파출소
272,성내2치안센터,127.1182736,37.54583673,파출소
273,명일1치안센터,127.1182736,37.54583673,파출소
274,상일치안센터,127.1673826,37.54700269,파출소
275,동화치안센터,127.0267799,37.62714806,파출소
276,미아3치안센터,127.0267799,37.62714806,파출소
277,숭인치안센터,127.0135003,37.58620575,파출소
278,우이치안센터,127.0129974,37.66311676,파출소
279,수유6치안센터,127.0157815,37.6442039,파출소
280,화곡본동치안센터,126.8453818,37.5437837,파출소
281,개화2치안센터,126.7999409,37.57930117,파출소
282,보라매치안센터,126.9292863,37.48189631,파출소
283,인헌치안센터,126.9410669,37.47822035,파출소
284,서원치안센터,126.9292863,37.48189631,파출소
285,신원치안센터,126.9708962,37.54409038,파출소
286,청룡2치안센터,126.9410669,37.47822035,파출소
287,대학동치안센터,126.9410669,37.47822035,파출소
288,삼성치안센터,127.0592782,37.5100077,파출소
289,청림치안센터,129.4036358,35.99564823,파출소
290,난곡치안센터,126.9292863,37.48189631,파출소
291,자양2치안센터,127.0847367,37.52882584,파출소
292,대공원치안센터,127.0129672,37.4363904,파출소
293,구의3치안센터,127.0978986,37.53918798,파출소
294,구로치안센터,126.8529377,37.49800443,파출소
295,신도림치안센터,126.8808649,37.50766043,파출소
296,구로1치안센터,126.8751637,37.49119677,파출소
297,구로2치안센터,126.8833096,37.49130241,파출소
298,개봉1치안센터,126.8529377,37.49800443,파출소
299,개봉치안센터,126.8529377,37.49800443,파출소
300,개봉3치안센터,126.8538254,37.48585275,파출소
301,수궁치안센터,126.8529377,37.49800443,파출소
302,시흥본치안센터,126.9041975,37.45553218,파출소
303,시흥3치안센터,126.9026278,37.44576842,파출소
304,하계1치안센터,127.0724702,37.63329159,파출소
305,월계치안센터,127.0514227,37.61001392,파출소
306,월계2치안센터,127.0724702,37.63329159,파출소
307,월계3치안센터,127.0724702,37.63329159,파출소
308,공릉치안센터,127.0724702,37.63329159,파출소
309,공릉2치안센터,127.0866283,37.62263599,파출소
310,방학2치안센터,127.0306643,37.66287293,파출소
311,답십리1치안센터,127.056811,37.56466269,파출소
312,답십리2치안센터,127.0733168,37.56784672,파출소
313,용두치안센터,127.056811,37.56466269,파출소
314,전농4치안센터,127.0733168,37.56784672,파출소
315,장안3치안센터,127.0733168,37.56784672,파출소
316,휘경2치안센터,127.0514227,37.61001392,파출소
317,상도2치안센터,126.939116,37.50416296,파출소
318,상도3치안센터,126.9205764,37.4985522,파출소
319,상도4치안센터,126.939116,37.50416296,파출소
320,상도5치안센터,126.939116,37.50416296,파출소
321,사당3치안센터,126.9869284,37.49090881,파출소
322,사당4치안센터,126.9869284,37.49090881,파출소
323,사당5치안센터,126.9869284,37.49090881,파출소
324,신대방2치안센터,126.9245256,37.49840342,파출소
325,아현치안센터,126.9553784,37.56245147,파출소
326,도화치안센터,126.656707,37.46708555,파출소
327,대흥치안센터,126.7925495,36.60584452,파출소
328,노고산치안센터,126.9346987,37.55449325,파출소
329,서교치안센터,126.9286583,37.5572378,파출소
330,동교치안센터,126.9286583,37.5572378,파출소
331,망원2치안센터,126.9037404,37.56162779,파출소
332,반포치안센터,127.0138721,37.5149944,파출소
333,잠원치안센터,127.0138721,37.5149944,파출소
334,방서치안센타,127.0044592,37.48236068,파출소
335,우면치안센터,127.027172,37.47184826,파출소
336,방배3치안센터,126.9869284,37.49090881,파출소
337,염곡치안센터,127.027172,37.47184826,파출소
338,구반포치안센터,126.9869284,37.49090881,파출소
339,방배4치안센터,126.9869284,37.49090881,파출소
340,마장치안센터,127.4500997,37.22325632,파출소
341,뚝섬치안센터,127.0443394,37.54645977,파출소
342,성수1치안센터,127.0443394,37.54645977,파출소
343,금남치안센터,127.2043331,36.49676043,파출소
344,보문치안센터,128.5111946,36.66311704,파출소
345,삼선치안센터,127.0135003,37.58620575,파출소
346,길음1치안센터,127.0250321,37.60389934,파출소
347,정릉1치안센터,127.0153698,37.60387937,파출소
348,정릉3치안센터,127.0250321,37.60389934,파출소
349,정릉4치안센터,127.0250321,37.60389934,파출소
350,성북1치안센터,127.0250321,37.60389934,파출소
351,석관1치안센터,127.0514227,37.61001392,파출소
352,장위1치안센터,127.0514227,37.61001392,파출소
353,장위2치안센터,127.0514227,37.61001392,파출소
354,월곡2치안센터,127.1292854,37.03922604,파출소
355,종암2치안센터,127.0250321,37.60389934,파출소
356,송파1치안센터,127.1093443,37.50635263,파출소
357,잠실치안센터,127.1093443,37.50635263,파출소
358,잠실5치안센터,127.0592782,37.5100077,파출소
359,석촌치안센터,127.1093443,37.50635263,파출소
360,가락2치안센터,127.1323843,37.49321762,파출소
361,문정2치안센터,127.1323843,37.49321762,파출소
362,장지치안센터,127.1323843,37.49321762,파출소
363,영등포2치안센터,126.8987213,37.49342858,파출소
364,도림치안센터,126.9047076,37.50953994,파출소
365,신길3치안센터,126.9047076,37.50953994,파출소
366,신길5치안센터,126.9077814,37.50065126,파출소
367,양평2치안센터,126.8965073,37.55394518,파출소
368,신사1치안센터,126.9179454,37.6044429,파출소
369,증산치안센터,128.036338,35.90160214,파출소
370,수색치안센터,126.9037404,37.56162779,파출소
371,응암1치안센터,126.9179454,37.6044429,파출소
372,응암4치안센터,126.9179454,37.6044429,파출소
373,역촌1치안센터,126.9179454,37.6044429,파출소
374,불광1치안센터,126.9329269,37.61830237,파출소
375,불광2치안센터,126.9329269,37.61830237,파출소
376,구산치안센터,126.9179454,37.6044429,파출소
377,갈현치안센터,126.9329269,37.61830237,파출소
378,신도치안센터,126.9312811,37.63431015,파출소
379,상림치안센터,126.9290194,37.64425568,파출소
380,망우3치안센터,127.0866283,37.62263599,파출소
381,면목4치안센터,127.0841733,37.58318882,파출소
382,면목7치안센터,127.0841733,37.58318882,파출소
383,면목2치안센터,127.0841733,37.58318882,파출소
384,면목1치안센터,127.0841733,37.58318882,파출소
