id,type,code,name,latitude,longitude
25709,subway,S1701TRSU1,03호선 가락시장역,37.4930418,127.118046
25710,subway,S1701TRSU2,08호선 가락시장역,37.4930418,127.118046
25711,subway,S1701TRSU3,05호선 개롱역,37.4999389,127.131129
25712,subway,S1701TRSU4,03호선 경찰병원역,37.5007812,127.127014
25713,subway,S1701TRSU5,08호선 송파역,37.4997779,127.112232
25714,subway,S0701TRSU6,01호선 가산디지털단지역,37.4818041,126.882476
25715,subway,S0701TRSU7,07호선 가산디지털단지역,37.4817048,126.882239
25716,subway,S0701TRSU8,01호선 독산역,37.4661244,126.889419
25717,subway,S0401TRSU9,09호선 가양역,37.5619422,126.8536
25718,subway,S0401TRSU10,09호선 양천향교역,37.5686739,126.840774
25719,subway,S2001TRSU11,01호선 남영역,37.5416053,126.971216
25720,subway,S2001TRSU12,04호선 숙대입구(갈월)역,37.5455519,126.971916
25721,subway,S2101TRSU13,03호선 연신내역,37.6189135,126.920837
25722,subway,S2101TRSU14,06호선 연신내역,37.6189135,126.920837
25723,subway,S0602TRSU15,01호선 개봉역,37.4954765,126.854218
25724,subway,S0101TRSU16,수인분당선 개포동역,37.4893596,127.067802
25725,subway,S0101TRSU17,수인분당선 구룡역,37.487166,127.058618
25726,subway,S0402TRSU18,09호선 개화역,37.5793356,126.79618
25727,subway,S1702TRSU19,05호선 거여역,37.4942321,127.142009
25728,subway,S0202TRSU20,05호선 고덕역,37.5556113,127.153838
25729,subway,S1206TRSU21,경의선 공덕역,37.542842,126.951493
25730,subway,S1201TRSU22,05호선 공덕역,37.5445358,126.951232
25731,subway,S1201TRSU23,06호선 공덕역,37.5434999,126.951945
25732,subway,S1206TRSU24,공항철도 공덕역,37.542842,126.951493
25733,subway,S0801TRSU25,07호선 공릉역,37.6257037,127.072896
25734,subway,S0801TRSU26,06호선 태릉입구역,37.6191252,127.07511
25735,subway,S0801TRSU27,07호선 태릉입구역,37.6191252,127.07511
25736,subway,S0801TRSU28,06호선 화랑대(서울여대입구)역,37.6198766,127.083266
25737,subway,S0403TRSU29,09호선 공항시장역,37.5635834,126.810564
25738,subway,S0403TRSU30,05호선 송정역,37.5614569,126.81049
25739,subway,S2501TRSU31,05호선 광나루역,37.545151,127.103484
25740,subway,S0604TRSU32,01호선 구로역,37.5026981,126.882284
25741,subway,S0604TRSU33,02호선 구로디지털단지역,37.4853443,126.901058
25742,subway,S0604TRSU34,01호선 구일역,37.496631,126.870545
25743,subway,S0604TRSU35,07호선 남구로역,37.4849167,126.88662
25744,subway,S0604TRSU36,02호선 대림(구로구청)역,37.4934118,126.894783
25745,subway,S1908TRSU37,07호선 대림(구로구청)역,37.492882,126.896842
25746,subway,S2102TRSU38,06호선 구산역,37.6111986,126.917165
25747,subway,S2502TRSU39,02호선 강변역,37.5353646,127.094521
25748,subway,S2502TRSU40,02호선 구의(광진구청)역,37.5380892,127.089874
25749,subway,S1502TRSU41,05호선 신금호역,37.554555,127.019739
25750,subway,S1504TRSU42,03호선 금호역,37.5480954,127.015879
25751,subway,S0203TRSU43,05호선 길동역,37.5377977,127.139975
25752,subway,S1601TRSU44,04호선 길음역,37.6031895,127.024813
25753,subway,S1301TRSU45,경의선 가좌역,37.5688237,126.915118
25754,subway,S2005TRSU46,경의선 서울역,37.5530934,126.972785
25755,subway,S2005TRSU47,공항철도 서울역,37.553453,126.969593
25756,subway,S2307TRSU48,01호선 서울역,37.5568865,126.972534
25757,subway,S1203TRSU49,경의선 서강대역,37.5522945,126.935236
25758,subway,S1203TRSU50,02호선 신촌(지하)역,37.5545393,126.937656
25759,subway,S1101TRSU51,01호선 노량진역,37.5139431,126.942893
25760,subway,S1101TRSU52,09호선 노량진역,37.5135455,126.940473
25761,subway,S2103TRSU53,03호선 녹번역,37.6010111,126.935555
25762,subway,S2103TRSU54,06호선 역촌역,37.6060489,126.922969
25763,subway,S0102TRSU55,07호선 논현역,37.509685,127.022126
25764,subway,S0102TRSU56,09호선 언주역,37.5074838,127.034238
25765,subway,S0102TRSU57,07호선 학동역,37.5156733,127.036267
25766,subway,S2504TRSU58,05호선 군자(능동)역,37.5567103,127.080514
25767,subway,S2504TRSU59,07호선 군자(능동)역,37.5567103,127.080514
25768,subway,S2504TRSU60,05호선 아차산(어린이대공원후문)역,37.5550768,127.084474
25769,subway,S1907TRSU61,02호선 당산역,37.5350809,126.902836
25770,subway,S1907TRSU62,09호선 당산역,37.5340082,126.902181
25771,subway,S1904TRSU63,05호선 영등포구청역,37.5242891,126.89492
25772,subway,S1904TRSU64,02호선 영등포구청역,37.5246608,126.89751
25773,subway,S1102TRSU65,07호선 보라매역,37.4998837,126.920999
25774,subway,S1102TRSU66,신림선 보라매역,37.5013432,126.920918
25775,subway,S1102TRSU67,신림선 서울지방병무청역,37.5052456,126.922509
25776,subway,S1102TRSU68,07호선 신대방삼거리역,37.4997438,126.927558
25777,subway,S2104TRSU69,06호선 불광역,37.6105218,126.929272
25778,subway,S2104TRSU70,03호선 불광역,37.6105218,126.929272
25779,subway,S0103TRSU71,03호선 대치역,37.4944438,127.063079
25780,subway,S0103TRSU72,03호선 학여울역,37.4968623,127.072309
25781,subway,S0103TRSU73,수인분당선 한티역,37.501045,127.050679
25782,subway,S1205TRSU74,06호선 대흥역,37.5476402,126.942505
25783,subway,S0104TRSU75,03호선 도곡역,37.4908437,127.05515
25784,subway,S0104TRSU76,수인분당선 도곡역,37.4905464,127.055093
25785,subway,S0104TRSU77,03호선 매봉역,37.4867659,127.046147
25786,subway,S0901TRSU78,01호선 도봉역,37.6757937,127.044968
25787,subway,S0901TRSU79,01호선 도봉산역,37.689452,127.046189
25788,subway,S0901TRSU80,07호선 도봉산역,37.6890193,127.046642
25789,subway,S1206TRSU81,05호선 마포역,37.5395599,126.945895
25790,subway,S1207TRSU82,경의선 홍대입구역,37.5568735,126.923654
25791,subway,S1207TRSU83,02호선 홍대입구역,37.5559044,126.929982
25792,subway,S1207TRSU84,공항철도 홍대입구역,37.5559044,126.929982
25793,subway,S1603TRSU85,우이신설경전철 성신여대입구역,37.5924241,127.016533
25794,subway,S1606TRSU86,04호선 성신여대입구(돈암)역,37.5930818,127.016759
25795,subway,S2005TRSU87,04호선 서울(4호선)역,37.5530934,126.972785
25796,subway,S1103TRSU88,04호선 동작(현충원)역,37.5028463,126.979963
25797,subway,S1103TRSU89,09호선 동작(현충원)역,37.5031433,126.978232
25798,subway,S0204TRSU90,05호선 둔촌동역,37.5281162,127.136348
25799,subway,S0204TRSU91,09호선 둔촌오륜역,37.517937,127.142291
25800,subway,S0204TRSU92,09호선 중앙보훈병원역,37.5283362,127.148329
25801,subway,S0406TRSU93,09호선 등촌역,37.5511798,126.864734
25802,subway,S0406TRSU94,09호선 증미역,37.557528,126.861565
25803,subway,S0407TRSU95,05호선 마곡역,37.5602098,126.825479
25804,subway,S0407TRSU96,09호선 마곡나루역,37.5666453,126.827093
25805,subway,S0407TRSU97,공항철도 마곡나루역,37.5653396,126.827606
25806,subway,S0407TRSU98,05호선 발산역,37.5590105,126.837286
25807,subway,S1506TRSU99,05호선 마장역,37.5655419,127.040885
25808,subway,S1703TRSU100,05호선 마천역,37.4944091,127.151938
25809,subway,S1209TRSU101,06호선 망원역,37.5560348,126.910018
25810,subway,S2402TRSU102,07호선 면목역,37.5892042,127.087331
25811,subway,S2402TRSU103,07호선 사가정역,37.5809609,127.08637
25812,subway,S2402TRSU104,07호선 용마산역,37.5740138,127.087042
25813,subway,S2226TRSU105,04호선 혜화역,37.5819285,127.001824
25814,subway,S0205TRSU106,05호선 굽은다리(강동구민회관앞)역,37.546038,127.143148
25815,subway,S0205TRSU107,05호선 명일역,37.5512448,127.143983
25816,subway,S1801TRSU108,05호선 목동역,37.5259537,126.866274
25817,subway,S1801TRSU109,09호선 신목동역,37.544595,126.882818
25818,subway,S1801TRSU110,05호선 오목교(목동운동장앞)역,37.5248437,126.872769
25819,subway,S2403TRSU111,07호선 먹골역,37.6108525,127.077695
25820,subway,S1912TRSU112,02호선 문래역,37.518748,126.894928
25821,subway,S1704TRSU113,08호선 문정역,37.4863793,127.122151
25822,subway,S0301TRSU114,04호선 미아(서울사이버대학)역,37.6294351,127.024719
25823,subway,S0301TRSU115,04호선 미아사거리역,37.6149732,127.030015
25824,subway,S0301TRSU116,우이신설경전철 삼양역,37.6274541,127.01808
25825,subway,S0301TRSU117,우이신설경전철 삼양사거리역,37.622165,127.020107
25826,subway,S0301TRSU118,우이신설경전철 솔샘역,37.6202469,127.013016
25827,subway,S1402TRSU119,03호선 고속터미널역,37.5049926,127.004821
25828,subway,S1402TRSU120,07호선 고속터미널역,37.5049926,127.004821
25829,subway,S1402TRSU121,09호선 고속터미널역,37.5049926,127.004821
25830,subway,S1402TRSU122,09호선 구반포역,37.5011354,126.986104
25831,subway,S1402TRSU123,09호선 사평역,37.5048751,127.011821
25832,subway,S1402TRSU124,09호선 신반포역,37.5043079,126.998895
25833,subway,S1403TRSU125,04호선 남태령역,37.4643658,126.989254
25834,subway,S1403TRSU126,07호선 내방역,37.4875129,126.993151
25835,subway,S1403TRSU127,02호선 방배역,37.4813773,126.997335
25836,subway,S1705TRSU128,05호선 방이역,37.5059829,127.12423
25837,subway,S1705TRSU129,09호선 송파나루역,37.5114091,127.112996
25838,subway,S1705TRSU130,05호선 올림픽공원(한국체대)역,37.5164722,127.131102
25839,subway,S1705TRSU131,09호선 올림픽공원(한국체대)역,37.5164722,127.131102
25840,subway,S1705TRSU132,09호선 한성백제역,37.5166866,127.11547
25841,subway,S0902TRSU133,01호선 방학역,37.6635856,127.044609
25842,subway,S0408TRSU134,05호선 개화산역,37.5723148,126.805606
25843,subway,S0408TRSU135,05호선 김포공항역,37.5650124,126.802954
25844,subway,S0408TRSU136,09호선 김포공항역,37.5650124,126.802954
25845,subway,S0408TRSU137,공항철도 김포공항역,37.5650124,126.802954
25846,subway,S0408TRSU138,김포도시철도 김포공항역,37.5650124,126.802954
25847,subway,S0408TRSU139,05호선 방화역,37.5771736,126.812624
25848,subway,S0408TRSU140,09호선 신방화역,37.5675023,126.815987
25849,subway,S1615TRSU141,06호선 보문역,37.5854229,127.01969
25850,subway,S1616TRSU142,우이신설경전철 보문역,37.5849455,127.019509
25851,subway,S1104TRSU143,09호선 노들역,37.5125237,126.952045
25852,subway,S0502TRSU144,02호선 낙성대(강감찬)역,37.4753901,126.968191
25853,subway,S0502TRSU145,신림선 당곡역,37.4898419,126.927715
25854,subway,S0502TRSU146,02호선 봉천역,37.4825425,126.941471
25855,subway,S0502TRSU147,02호선 서울대입구(관악구청)역,37.4813491,126.952009
25856,subway,S2105TRSU148,06호선 독바위역,37.6183625,126.932833
25857,subway,S1105TRSU149,07호선 남성역,37.4847162,126.971092
25858,subway,S1105TRSU150,04호선 사당역,37.4768977,126.981609
25859,subway,S1105TRSU151,02호선 사당역,37.4765092,126.9759
25860,subway,S1105TRSU152,07호선 이수역,37.4849526,126.980658
25861,subway,S1105TRSU153,04호선 총신대입구(이수)역,37.4890614,126.982386
25862,subway,S1622TRSU154,04호선 한성대입구(삼선교)역,37.5880552,127.005787
25863,subway,S0105TRSU155,수인분당선 강남구청역,37.517168,127.041301
25864,subway,S0105TRSU156,07호선 강남구청역,37.517168,127.041301
25865,subway,S0105TRSU157,09호선 봉은사역,37.5145097,127.06184
25866,subway,S0105TRSU158,02호선 삼성(무역센터)역,37.5073938,127.058001
25867,subway,S0105TRSU159,09호선 삼성중앙역,37.5116236,127.04848
25868,subway,S0105TRSU160,수인분당선 선릉역,37.5073938,127.058001
25869,subway,S0105TRSU161,02호선 선릉역,37.5073938,127.058001
25870,subway,S0105TRSU162,수인분당선 선정릉역,37.5120581,127.043244
25871,subway,S0105TRSU163,09호선 선정릉역,37.5120581,127.043244
25872,subway,S1706TRSU164,09호선 석촌고분역,37.503179,127.096924
25873,subway,S0802TRSU165,04호선 노원역,37.6561896,127.06268
25874,subway,S0802TRSU166,07호선 노원역,37.6535687,127.060752
25875,subway,S0802TRSU167,04호선 불암산역,37.6706224,127.0794
25876,subway,S0802TRSU168,07호선 마들역,37.6658056,127.057463
25877,subway,S0802TRSU169,04호선 상계역,37.6613728,127.073973
25878,subway,S0802TRSU170,07호선 수락산역,37.6762849,127.055317
25879,subway,S1106TRSU171,07호선 상도역,37.5035927,126.947188
25880,subway,S1107TRSU172,07호선 숭실대입구역,37.495856,126.953978
25881,subway,S1107TRSU173,07호선 장승배기역,37.5052223,126.944551
25882,subway,S2404TRSU174,경의선 망우역,37.5995442,127.091838
25883,subway,S2404TRSU175,경춘선 망우역,37.5995442,127.091838
25884,subway,S2404TRSU176,경춘선 상봉(시외버스터미널)역,37.59672,127.085256
25885,subway,S2404TRSU177,07호선 상봉(시외버스터미널)역,37.59672,127.085256
25886,subway,S2404TRSU178,경의선 상봉(시외버스터미널)역,37.59672,127.085256
25887,subway,S1210TRSU179,06호선 상수역,37.5479261,126.922917
25888,subway,S1627TRSU180,06호선 상월곡(한국과학기술연구원)역,37.6075153,127.050636
25889,subway,S0206TRSU181,05호선 강일역,37.5560488,127.176168
25890,subway,S0206TRSU182,05호선 상일동역,37.55349,127.156866
25891,subway,S1212TRSU183,06호선 합정역,37.5500917,126.914608
25892,subway,S1225TRSU184,02호선 합정역,37.5489197,126.913648
25893,subway,S2010TRSU185,경의선 서빙고역,37.5199217,126.990161
25894,subway,S1404TRSU186,"03호선 교대(법원, 검찰청)역",37.4954317,127.01917
25895,subway,S1404TRSU187,"02호선 교대(법원, 검찰청)역",37.4954317,127.01917
25896,subway,S1404TRSU188,03호선 남부터미널(예술의전당)역,37.4855932,127.0159
25897,subway,S1404TRSU189,02호선 서초역,37.4922883,127.008959
25898,subway,S1404TRSU190,03호선 양재(서초구청)역,37.4847608,127.033369
25899,subway,S1404TRSU191,신분당선 양재(서초구청)역,37.4847608,127.033369
25900,subway,S1628TRSU192,06호선 돌곶이역,37.6104945,127.057331
25901,subway,S1707TRSU193,08호선 석촌역,37.5078217,127.104598
25902,subway,S1707TRSU194,09호선 석촌역,37.5078217,127.104598
25903,subway,S0207TRSU195,08호선 강동구청역,37.530656,127.120559
25904,subway,S1213TRSU196,06호선 마포구청역,37.5633995,126.903342
25905,subway,S1213TRSU197,06호선 월드컵경기장(성산)역,37.569937,126.899009
25906,subway,S1509TRSU198,02호선 뚝섬역,37.5471774,127.047337
25907,subway,S1509TRSU199,수인분당선 서울숲역,37.544205,127.044936
25908,subway,S1510TRSU200,02호선 성수역,37.5446685,127.056965
25909,subway,S2235TRSU201,05호선 광화문(세종문화회관)역,37.5706546,126.976661
25910,subway,S0107TRSU202,03호선 수서역,37.4880842,127.10067
25911,subway,S0107TRSU203,수인분당선 수서역,37.4880842,127.10067
25912,subway,S0303TRSU204,우이신설경전철 가오리역,37.6416447,127.016758
25913,subway,S0303TRSU205,04호선 수유(강북구청)역,37.6401291,127.027782
25914,subway,S0303TRSU206,우이신설경전철 화계역,37.6335358,127.017527
25915,subway,S2269TRSU207,06호선 동묘앞역,37.5727646,127.0156
25916,subway,S2240TRSU208,01호선 동묘앞역,37.5735843,127.017117
25917,subway,S0703TRSU209,01호선 금천구청역,37.4539387,126.89476
25918,subway,S1916TRSU210,01호선 대방역,37.5132936,126.925679
25919,subway,S1916TRSU211,신림선 대방역,37.5128971,126.925476
25920,subway,S1916TRSU212,07호선 신풍역,37.5002896,126.909384
25921,subway,S2405TRSU213,06호선 봉화산역,37.6175015,127.090943
25922,subway,S2401TRSU214,경춘선 신내역,37.6126888,127.103803
25923,subway,S2405TRSU215,06호선 신내역,37.6124424,127.107314
25924,subway,S2332TRSU216,06호선 버티고개역,37.5484205,127.00721
25925,subway,S2374TRSU217,06호선 신당역,37.5674758,127.016075
25926,subway,S2332TRSU218,02호선 신당역,37.5653214,127.022266
25927,subway,S2332TRSU219,03호선 약수역,37.5544299,127.010968
25928,subway,S2332TRSU220,06호선 약수역,37.5547453,127.01047
25929,subway,S2332TRSU221,05호선 청구역,37.5603311,127.013855
25930,subway,S2332TRSU222,06호선 청구역,37.5603311,127.013855
25931,subway,S1108TRSU223,신림선 보라매공원역,37.4926473,126.919096
25932,subway,S1108TRSU224,신림선 보라매병원역,37.491615,126.924751
25933,subway,S1108TRSU225,02호선 신대방역,37.4875342,126.912939
25934,subway,S0606TRSU226,02호선 도림천역,37.5143486,126.882843
25935,subway,S0606TRSU227,01호선 신도림역,37.5087254,126.891085
25936,subway,S0606TRSU228,02호선 신도림역,37.5087254,126.891085
25937,subway,S0503TRSU229,신림선 관악산역,37.4688941,126.945099
25938,subway,S0503TRSU230,신림선 서울대벤처타운역,37.472186,126.934097
25939,subway,S0503TRSU231,신림선 서원역,37.4782131,126.933052
25940,subway,S0503TRSU232,신림선 신림역,37.4840126,126.927981
25941,subway,S0503TRSU233,02호선 신림역,37.4840126,126.927981
25942,subway,S0108TRSU234,03호선 신사역,37.5209301,127.018283
25943,subway,S0110TRSU235,신분당선 신사역,37.4910143,127.031596
25944,subway,S0108TRSU236,03호선 압구정역,37.5239556,127.028318
25945,subway,S2107TRSU237,06호선 새절(신사)역,37.5911398,126.91327
25946,subway,S2107TRSU238,06호선 응암역,37.59879,126.914461
25947,subway,S1002TRSU239,02호선 신설동역,37.576646,127.02665
25948,subway,S1002TRSU240,우이신설경전철 신설동역,37.5765566,127.023208
25949,subway,S1002TRSU241,01호선 신설동역,37.576646,127.02665
25950,subway,S1405TRSU242,신분당선 청계산입구역,37.4483975,127.054792
25951,subway,S1803TRSU243,05호선 신정역,37.5249864,126.855947
25952,subway,S1803TRSU244,02호선 신정네거리역,37.5197479,126.852971
25953,subway,S1803TRSU245,02호선 양천구청역,37.5126366,126.865981
25954,subway,S1709TRSU246,08호선 몽촌토성역,37.5172938,127.111704
25955,subway,S1711TRSU247,02호선 잠실(송파구청)역,37.5174028,127.076163
25956,subway,S1709TRSU248,08호선 잠실(송파구청)역,37.514958,127.104133
25957,subway,S1709TRSU249,02호선 잠실나루역,37.5204723,127.103914
25958,subway,S1309TRSU250,경의선 신촌역,37.5597128,126.941194
25959,subway,S1217TRSU251,02호선 아현역,37.5547372,126.956601
25960,subway,S1217TRSU252,05호선 애오개역,37.5533496,126.95659
25961,subway,S2245TRSU253,03호선 안국역,37.5762061,126.984651
25962,subway,S1635TRSU254,06호선 안암(고대병원앞)역,37.5860788,127.029348
25963,subway,S0208TRSU255,08호선 암사역,37.5511547,127.128185
25964,subway,S0109TRSU256,수인분당선 압구정로데오역,37.529421,127.04124
25965,subway,S1406TRSU257,신분당선 양재시민의숲역,37.4698928,127.038314
25966,subway,S1919TRSU258,05호선 양평역,37.5256678,126.885517
25967,subway,S1922TRSU259,09호선 선유도역,37.538028,126.89352
25968,subway,S1925TRSU260,09호선 국회의사당역,37.5273714,126.918537
25969,subway,S1925TRSU261,09호선 샛강역,37.5170894,126.929838
25970,subway,S1925TRSU262,신림선 샛강역,37.5175133,126.930437
25971,subway,S1925TRSU263,05호선 여의나루역,37.5286772,126.931422
25972,subway,S1925TRSU264,05호선 여의도역,37.521681,126.924234
25973,subway,S1925TRSU265,09호선 여의도역,37.5234276,126.922184
25974,subway,S0110TRSU266,신분당선 강남역,37.497952,127.027619
25975,subway,S0110TRSU267,02호선 강남역,37.497952,127.027619
25976,subway,S0110TRSU268,09호선 신논현역,37.5055482,127.028356
25977,subway,S0110TRSU269,신분당선 신논현역,37.4903385,127.031483
25978,subway,S0110TRSU270,02호선 역삼역,37.5028587,127.043612
25979,subway,S1219TRSU271,02호선 이대역,37.5568691,126.948315
25980,subway,S0409TRSU272,09호선 염창역,37.5470744,126.87573
25981,subway,S1926TRSU273,01호선 영등포역,37.5156493,126.906334
25982,subway,S1916TRSU274,01호선 신길역,37.5169643,126.917655
25983,subway,S1927TRSU275,05호선 신길역,37.5177008,126.914487
25984,subway,S1931TRSU276,05호선 영등포시장역,37.5220821,126.90593
25985,subway,S1710TRSU277,03호선 오금역,37.5042523,127.124905
25986,subway,S1710TRSU278,05호선 오금역,37.5042523,127.124905
25987,subway,S0607TRSU279,01호선 오류동역,37.495357,126.845364
25988,subway,S1512TRSU280,03호선 옥수역,37.5393647,127.016963
25989,subway,S1512TRSU281,경의선 옥수역,37.5393647,127.016963
25990,subway,S0608TRSU282,01호선 온수(성공회대입구)역,37.4916836,126.821863
25991,subway,S0608TRSU283,07호선 온수(성공회대입구)역,37.4921003,126.823298
25992,subway,S1513TRSU284,05호선 답십리역,37.5664292,127.053167
25993,subway,S1513TRSU285,02호선 신답역,37.5710185,127.045099
25994,subway,S1513TRSU286,02호선 용답역,37.5710452,127.045914
25995,subway,S1003TRSU287,02호선 용두(동대문구청)역,37.5733085,127.040674
25996,subway,S2017TRSU288,06호선 녹사평(용산구청)역,37.5344542,126.985588
25997,subway,S2018TRSU289,04호선 이촌(국립중앙박물관)역,37.5217305,126.976009
25998,subway,S2024TRSU290,경의선 이촌(국립중앙박물관)역,37.5222165,126.973577
25999,subway,S0304TRSU291,우이신설경전철 4·19 민주묘지역,37.6500603,127.013394
26000,subway,S0304TRSU292,우이신설경전철 북한산우이역,37.6624217,127.012875
26001,subway,S0304TRSU293,우이신설경전철 솔밭공원역,37.6566194,127.013361
26002,subway,S0803TRSU294,01호선 광운대역,37.625485,127.061126
26003,subway,S0803TRSU295,경춘선 광운대역,37.625485,127.061126
26004,subway,S0803TRSU296,01호선 석계역,37.6153196,127.065614
26005,subway,S0803TRSU297,06호선 석계역,37.6152559,127.066792
26006,subway,S0803TRSU298,01호선 월계역,37.6350636,127.058913
26007,subway,S2337TRSU299,02호선 을지로입구역,37.5660425,126.982061
26008,subway,S2339TRSU300,03호선 을지로3가역,37.5663862,126.993686
26009,subway,S2339TRSU301,02호선 을지로3가역,37.5661967,126.990211
26010,subway,S2355TRSU302,05호선 을지로4가역,37.5674316,126.99801
26011,subway,S2340TRSU303,02호선 을지로4가역,37.5665125,126.996527
26012,subway,S2302TRSU304,04호선 동대문역사문화공원(DDP)역,37.5647285,127.007415
26013,subway,S2301TRSU305,05호선 동대문역사문화공원(DDP)역,37.5646925,127.005503
26014,subway,S2343TRSU306,02호선 동대문역사문화공원(DDP)역,37.5656835,127.008864
26015,subway,S1514TRSU307,경의선 응봉역,37.5504342,127.034902
26016,subway,S1004TRSU308,01호선 신이문역,37.6051816,127.069105
26017,subway,S1004TRSU309,01호선 외대앞역,37.5991018,127.065748
26018,subway,S2025TRSU310,06호선 이태원역,37.5346083,126.99585
26019,subway,S0112TRSU311,수인분당선 대모산입구역,37.4913389,127.072892
26020,subway,S0112TRSU312,03호선 대청역,37.4936412,127.079543
26021,subway,S0112TRSU313,03호선 일원역,37.4839881,127.084429
26022,subway,S2505TRSU314,07호선 뚝섬유원지역,37.5318692,127.066934
26023,subway,S1711TRSU315,09호선 삼전역,37.5035379,127.087199
26024,subway,S1711TRSU316,02호선 잠실새내역,37.5114305,127.087411
26025,subway,S1711TRSU317,02호선 종합운동장역,37.511097,127.074268
26026,subway,S1711TRSU318,09호선 종합운동장역,37.5115368,127.076881
26027,subway,S1410TRSU319,07호선 반포역,37.5078485,127.010374
26028,subway,S1410TRSU320,03호선 잠원역,37.5130561,127.011743
26029,subway,S1005TRSU321,05호선 장한평역,37.5621459,127.060634
26030,subway,S1712TRSU322,수인분당선 복정역,37.4707512,127.126693
26031,subway,S1712TRSU323,08호선 복정역,37.4707512,127.126693
26032,subway,S1712TRSU324,08호선 장지역,37.4767426,127.126906
26033,subway,S2351TRSU325,03호선 동대입구역,37.5591695,127.004902
26034,subway,S2260TRSU326,03호선 경복궁역,37.5757443,126.973003
26035,subway,S1006TRSU327,경의선 청량리(서울시립대입구)역,37.5801444,127.047878
26036,subway,S1006TRSU328,경춘선 청량리(서울시립대입구)역,37.5801444,127.047878
26037,subway,S1006TRSU329,수인분당선 청량리(서울시립대입구)역,37.5801444,127.047878
26038,subway,S1006TRSU330,01호선 청량리(서울시립대입구)역,37.5797397,127.045976
26039,subway,S2354TRSU331,01호선 시청역,37.5655911,126.976923
26040,subway,S2327TRSU332,02호선 시청역,37.5635545,126.975509
26041,subway,S1637TRSU333,우이신설경전철 북한산보국문역,37.6114716,127.008688
26042,subway,S1637TRSU334,우이신설경전철 정릉역,37.6026416,127.013466
26043,subway,S1007TRSU335,01호선 제기동역,37.5782556,127.038764
26044,subway,S2261TRSU336,01호선 종각역,37.570214,126.981392
26045,subway,S2227TRSU337,03호선 종로3가역,37.5724227,126.991727
26046,subway,S2221TRSU338,05호선 종로3가역,37.5725397,126.990334
26047,subway,S2263TRSU339,01호선 종로3가역,37.5704314,126.990878
26048,subway,S2265TRSU340,01호선 종로5가역,37.5710085,127.002764
26049,subway,S1638TRSU341,06호선 고려대역,37.589672,127.035916
26050,subway,S0804TRSU342,07호선 중계역,37.6404386,127.066168
26051,subway,S2506TRSU343,07호선 중곡역,37.5654926,127.084044
26052,subway,S2406TRSU344,경춘선 중랑역,37.5947982,127.075765
26053,subway,S2406TRSU345,07호선 중화역,37.6015542,127.077912
26054,subway,S2106TRSU346,경의선 디지털미디어시티역,37.5781548,126.899904
26055,subway,S2110TRSU347,06호선 디지털미디어시티역,37.5771745,126.901954
26056,subway,S1211TRSU348,공항철도 디지털미디어시티역,37.5767488,126.899317
26057,subway,S2110TRSU349,06호선 증산(명지대앞)역,37.5836316,126.909361
26058,subway,S2111TRSU350,03호선 구파발역,37.6381296,126.918222
26059,subway,S0904TRSU351,04호선 쌍문역,37.6488488,127.034935
26060,subway,S0904TRSU352,04호선 창동역,37.6532592,127.047708
26061,subway,S0904TRSU353,01호선 창동역,37.6532592,127.047708
26062,subway,S2311TRSU354,04호선 회현(남대문시장)역,37.5576713,126.976722
26063,subway,S2266TRSU355,04호선 동대문역,37.5708821,127.009272
26064,subway,S2269TRSU356,01호선 동대문역,37.571783,127.011401
26065,subway,S2269TRSU357,06호선 창신역,37.5793148,127.015285
26066,subway,S1222TRSU358,06호선 광흥창(서강)역,37.5475535,126.932298
26067,subway,S0609TRSU359,07호선 천왕역,37.4872671,126.839422
26068,subway,S0209TRSU360,05호선 강동역,37.5357682,127.134111
26069,subway,S0209TRSU361,05호선 천호(풍납토성)역,37.53849,127.125086
26070,subway,S0209TRSU362,08호선 천호(풍납토성)역,37.53849,127.125086
26071,subway,S0114TRSU363,07호선 청담역,37.5187052,127.049186
26072,subway,S2360TRSU364,04호선 명동역,37.5608263,126.985718
26073,subway,S1316TRSU365,05호선 충정로(경기대입구)역,37.5611096,126.963478
26074,subway,S1316TRSU366,02호선 충정로(경기대입구)역,37.559569,126.96392
26075,subway,S2277TRSU367,05호선 서대문역,37.5659939,126.966668
26076,subway,S2368TRSU368,04호선 충무로역,37.5612326,126.994388
26077,subway,S2368TRSU369,03호선 충무로역,37.5612326,126.994388
26078,subway,S0805TRSU370,07호선 하계역,37.6352387,127.068509
26079,subway,S1515TRSU371,02호선 상왕십리역,37.5639594,127.029792
26080,subway,S1639TRSU372,06호선 월곡(동덕여대)역,37.6017344,127.041391
26081,subway,S2031TRSU373,04호선 삼각지역,37.5348304,126.973448
26082,subway,S2031TRSU374,06호선 삼각지역,37.5360646,126.973006
26083,subway,S2032TRSU375,04호선 신용산역,37.5291528,126.968404
26084,subway,S2033TRSU376,01호선 용산역,37.529584,126.963935
26085,subway,S2033TRSU377,경의선 용산역,37.529584,126.963935
26086,subway,S2034TRSU378,06호선 한강진역,37.5409064,127.001824
26087,subway,S2034TRSU379,경의선 한남역,37.5292743,127.008963
26088,subway,S1516TRSU380,경의선 왕십리(성동구청)역,37.5610558,127.038416
26089,subway,S1516TRSU381,수인분당선 왕십리(성동구청)역,37.5610558,127.038416
26090,subway,S1516TRSU382,05호선 왕십리(성동구청)역,37.5612095,127.036627
26091,subway,S1516TRSU383,02호선 왕십리(성동구청)역,37.5612095,127.036627
26092,subway,S1516TRSU384,02호선 한양대역,37.555567,127.043562
26093,subway,S1516TRSU385,05호선 행당역,37.5572652,127.029212
26094,subway,S1318TRSU386,03호선 독립문역,37.5741984,126.956147
26095,subway,S1320TRSU387,03호선 무악재역,37.5824041,126.95055
26096,subway,S1320TRSU388,03호선 홍제역,37.5857724,126.947343
26097,subway,S0413TRSU389,05호선 까치산역,37.5323893,126.846316
26098,subway,S0413TRSU390,02호선 까치산역,37.5323893,126.846316
26099,subway,S0413TRSU391,05호선 우장산역,37.5492064,126.836391
26100,subway,S0413TRSU392,05호선 화곡역,37.5415446,126.840458
26101,subway,S2507TRSU393,07호선 건대입구역,37.5407337,127.069262
26102,subway,S2507TRSU394,02호선 건대입구역,37.5407337,127.069262
26103,subway,S2507TRSU395,07호선 어린이대공원역,37.547119,127.073941
26104,subway,S2013TRSU396,경의선 효창공원앞역,37.5386202,126.961736
26105,subway,S2035TRSU397,06호선 효창공원앞역,37.5396021,126.960966
26106,subway,S1010TRSU398,01호선 회기역,37.5896995,127.057882
26107,subway,S1010TRSU399,경춘선 회기역,37.5896995,127.057882
26108,subway,S1010TRSU400,경의선 회기역,37.5896995,127.057882
26109,subway,S1109TRSU401,09호선 흑석역,37.5083835,126.964082
26110,subway,S1010TRSU401,GTX-A 연신내,37.6185886,126.9205134
26111,subway,S1010TRSU402,GTX-A 서울역,37.55319,126.9726
26112,subway,S1109TRSU402,GTX-A 수서역,37.487306,127.101639