지번주소,도로명주소,도로명우편번호,사업자명,경도,위도
서울특별시 강남구 역삼동 816,서울특별시 강남구 강남대로 422 (역삼동),6129.0,메가박스 씨티,127.026984908497,37.5003941401087
서울특별시 강남구 역삼동 814-6 스타플렉스 8층,"서울특별시 강남구 강남대로 438 (역삼동,스타플렉스 8층)",,CGV 강남,127.026336096148,37.5016428104731
서울특별시 강남구 도곡동 174-3,서울특별시 강남구 남부순환로 2753 (도곡동),6274.0,롯데시네마 도곡점,127.04698960023,37.4874807715334
서울특별시 강남구 신사동 603-2,서울특별시 강남구 논현로 848 (신사동),,CGV압구정,127.0288370151,37.5245744023832
서울특별시 강남구 논현동 1-3번지,서울특별시 강남구 도산대로 108  (논현동),,클래식시네마스페이스(주),127.020655869811,37.5161918332017
서울특별시 강남구 논현동 3 외2필지,"서울특별시 강남구 도산대로 116 (논현동,외2필지)",,메가박스 브로드웨이,127.021516108092,37.5166065016895
서울특별시 강남구 논현동 4-15번지,서울특별시 강남구 도산대로 128  (논현동),,씨네마강남,127.02270573272,37.5169719062298
서울특별시 강남구 논현동 91-6번지,서울특별시 강남구 도산대로 310  (논현동),,씨네하우스,127.035475775373,37.5215381083611
서울특별시 강남구 신사동 651-21번지,서울특별시 강남구 도산대로 323  (신사동),,씨네시티,127.037016265027,37.5228971585502
서울특별시 강남구 논현동 3-5 1층,"서울특별시 강남구 도산대로8길 8, 1층 (논현동)",6038.0,메가박스 브로드웨이,127.02194180264,37.5163705406376
서울특별시 강남구 신사동 532-1 지하2층,"서울특별시 강남구 압구정로10길 9, 지하2층 (신사동)",6028.0,픽처하우스,127.022023606066,37.5229874921731
서울특별시 강남구 신사동 602,"서울특별시 강남구 압구정로30길 45, 지하2층, 지하5층 (신사동)",6022.0,CGV압구정 ART,127.029403239407,37.5243502735902
서울특별시 강남구 논현동 97-26번지,서울특별시 강남구 언주로150길 14  (논현동),,씨네예술관,127.035519854036,37.5209786624562
서울특별시 강남구 삼성동 159 코엑스,"서울특별시 강남구 영동대로 513, 코엑스 지하1층 (삼성동)",6164.0,코엑스 부티크 프라이빗,127.059159043842,37.5118239121138
서울특별시 강남구 논현동 123-2번지,서울특별시 강남구 학동로 118  (논현동),,강남비디오소극장,127.023923410549,37.5116328572551
서울특별시 강남구 논현동 58-3번지,서울특별시 강남구 학동로 171  (논현동),,케이엠티브이,127.029550652058,37.5140467250769
서울특별시 강동구 고덕동 353-23,"서울특별시 강동구 고덕비즈밸리로 51, 3,4층 (고덕동)",5203.0,CGV 고덕강일점,,
서울특별시 강동구 성내동 549-1번지,서울특별시 강동구 성내로 48 (성내동),,메가박스 강동점,127.125357402766,37.5284455288195
서울특별시 강동구 천호동 42,"서울특별시 강동구 양재대로 1571, 4층 (천호동)",5314.0,CGV 천호점,127.14225531407,37.5457145865749
서울특별시 강동구 성내동 44-1번지,서울특별시 강동구 천호옛길 85 (성내동),,롯데시네마 강동점,127.125335580215,37.5366333948264
서울특별시 강북구 번동 449-1,서울특별시 강북구 도봉로 308 (번동),1062.0,롯데시네마 수유점,127.02383520999,37.6356640949861
서울특별시 강북구 미아동 35-4 트레지오 쇼핑몰 9층,"서울특별시 강북구 도봉로 34, 9층 (미아동, 트레지오빌딩)",1220.0,CGV 미아점,127.03072164571,37.6120685327599
서울특별시 강북구 수유동 168-12,"서울특별시 강북구 도봉로 399, 8층 (수유동)",1055.0,CGV 수유점,127.029806166339,37.6424075100379
서울특별시 강서구 마곡동 797-1 퀸즈파크나인,"서울특별시 강서구 공항대로 247, 4층 (마곡동, 퀸즈파크나인)",7803.0,메가박스중앙 마곡지점,126.83523920295,37.5593135416408
서울특별시 강서구 등촌동 639-23 3~9층,"서울특별시 강서구 공항대로45길 63, 3~9층 (등촌동)",7567.0,CGV 등촌점,,
"서울특별시 강서구 등촌동 73-1 4,5,6층 ","서울특별시 강서구 양천로 476, 4,5,6층 (등촌동)",7575.0,롯데시네마 가양점,,
서울특별시 강서구 방화동 886 스카이파크,"서울특별시 강서구 하늘길 38 (방화동, 스카이파크)",7505.0,롯데시네마 김포공항점,126.802960133589,37.5713695798026
"서울특별시 강서구 화곡동 1073-10 메가박스(주) 화곡점 401,501호 ","서울특별시 강서구 화곡로 142, 401,501호 (화곡동, 메가박스(주)화곡점)",7715.0,메가박스 화곡점,,
서울특별시 관악구 봉천동 862-1 12층,"서울특별시 관악구 남부순환로 1820, 12층 (봉천동, 에그엘로우)",8787.0,롯데시네마 서울대입구점,126.952083773717,37.4809479979455
서울특별시 관악구 신림동 1641-2 14층,"서울특별시 관악구 신림로 330 (신림동,14층)",,롯데시네마 신림점,126.930234545397,37.4838513393186
서울특별시 광진구 구의동 546-4 테크노마트10층,"서울특별시 광진구 광나루로56길 85, 10층 (구의동, 테크노마트)",5116.0,CGV 강변점,127.095692162256,37.535725176732
서울특별시 광진구 군자동 477-12번지,서울특별시 광진구 능동로 289 (군자동),,메가박스 군자6,127.078344497368,37.5557904109818
서울특별시 광진구 자양동 227-7 더샵스타시티,"서울특별시 광진구 아차산로 272, 더샵스타시티 (자양동)",5065.0,롯데시네마 건대입구점,127.072996184863,37.5385582736952
서울특별시 광진구 자양동 9-4 몰오브케이,"서울특별시 광진구 아차산로30길 26, 몰오브케이 4층 (자양동)",5072.0,CGV 건대입구점,127.066887730045,37.5397607621364
서울특별시 구로구 개봉동 297-2번지,서울특별시 구로구 개봉로3길 109  (개봉동),,떼아뜨르 이동영화,126.850751731056,37.4856132040052
서울특별시 구로구 신도림동 692 디큐브시티 제타워동 7~8층 일부,"서울특별시 구로구 경인로 662 (신도림동, 디큐브시티 제타워동 7~8층 일부)",8209.0,롯데시네마 신도림점,126.888212953215,37.5081230677129
서울특별시 구로구 구로동 573 애경백화점 6층,"서울특별시 구로구 구로중앙로 152 (구로동, 애경백화점 6층)",8292.0,CGV 구로점,126.882773011925,37.5011601442131
서울특별시 구로구 구로동 3-25 테크노마트 신도림점 12층,"서울특별시 구로구 새말로 97, 12층 (구로동, 테크노마트 신도림점)",8288.0,CINE Q 신도림점,126.890227293528,37.5070438414784
서울특별시 금천구 가산동 60-8 현대시티아울렛 가산점,"서울특별시 금천구 디지털로10길 9, 현대시티아울렛 가산점 (가산동)",8514.0,롯데시네마 가산디지털점,126.88905533739,37.4776190161713
서울특별시 금천구 독산동 291-5,서울특별시 금천구 시흥대로 399 (독산동),,롯데시네마 독산점,126.897001948519,37.4693591753013
서울특별시 노원구 상계동 727-1번지 지하1층,"서울특별시 노원구 노해로 480 (상계동, 조광빌딩)",1751.0,더숲 아트시네마,127.061435135164,37.6541794204255
서울특별시 노원구 상계동 713,서울특별시 노원구 동일로 1414 (상계동),,롯데시네마 노원점,127.061391730931,37.6552787315469
서울특별시 노원구 중계동 509-2 홈플러스,"서울특별시 노원구 동일로204가길 12 (중계동, 홈플러스)",1783.0,CGV 중계점,127.068668049616,37.6398580838556
서울특별시 노원구 중계동 506-1,서울특별시 노원구 섬밭로 258 (중계동),,CGV 하계점,127.064915087375,37.6391097783726
서울특별시 도봉구 창동 715-14,서울특별시 도봉구 도봉로 558 (창동),1427.0,메가박스 창동점,127.038732219793,37.6546022496976
서울특별시 도봉구 방학동 707-6,"서울특별시 도봉구 도봉로 684, 6~7층 (방학동)",1334.0,CGV 방학점,,
"서울특별시 동대문구 전농동 591-53 청량리민자역사 8층,9층 ","서울특별시 동대문구 왕산로 214, 8층,9층 (전농동, 청량리민자역사)",2555.0,롯데시네마 청량리점,127.05114503929,37.584197400389
서울특별시 동작구 사당동 147-53 골든씨네마 7층,"서울특별시 동작구 동작대로 89 (사당동,골든씨네마 7층)",,메가박스 이수지점,126.981665713772,37.4846140265703
서울특별시 동작구 신대방동 686-48 동작 협성휴포레 시그니처,"서울특별시 동작구 시흥대로 606, 지2층 (신대방동, 동작 협성휴포레 시그니처)",7074.0,롯데시네마 신대방점,126.905526238207,37.4864917793931
서울특별시 마포구 서교동 354-5 라이즈호텔,"서울특별시 마포구 양화로 130, 라이즈호텔 4층 (서교동)",4038.0,모노플렉스 앳 라이즈,126.921207395382,37.5543349117636
서울특별시 마포구 동교동 160-4 아일렉스,"서울특별시 마포구 양화로 147, 아일렉스 7층 (동교동)",3995.0,메가박스중앙 홍대지점,126.922054509333,37.5560502523992
서울특별시 마포구 동교동 159-8,서울특별시 마포구 양화로 153 (동교동),3995.0,CGV 홍대점,126.922631917858,37.5564943733388
서울특별시 마포구 동교동 166-6,서울특별시 마포구 양화로 176 (동교동),4051.0,롯데시네마 홍대입구점,126.924986220455,37.5572467836494
서울특별시 마포구 동교동 166-14 동교동 스타피카소,"서울특별시 마포구 양화로 176, 2관 8층 (동교동)",4051.0,독립영화전용관 인디스페이스,,
서울특별시 마포구 동교동 167-2 LC TOWER,"서울특별시 마포구 양화로 186, LC TOWER 7~10층 (동교동)",4051.0,CGV 연남점,126.92589313527,37.5576684824211
서울특별시 마포구 서교동 490 메세나폴리스 2층,"서울특별시 마포구 양화로 45, 2층 (서교동, 메세나폴리스)",4036.0,롯데시네마 합정점,126.91395024016,37.5515008030203
서울특별시 마포구 서교동 367-5 상상마당빌딩,"서울특별시 마포구 어울마당로 65, 상상마당빌딩 지하3층, 4층 (서교동)",4042.0,KT&G 상상마당 cinema,126.921063042067,37.5509576951977
서울특별시 마포구 성산동 515 월드컵쇼핑몰내 1층,"서울특별시 마포구 월드컵로 240 (성산동,월드컵쇼핑몰내 1층)",3932.0,메가박스중앙 상암월드컵경기장지점,126.897273034482,37.5682884450841
서울특별시 서대문구 대신동 85 하늬솔빌딩,"서울특별시 서대문구 성산로 527, 하늬솔빌딩 A동 B1층 (대신동)",3721.0,필름포럼,126.944090214952,37.5637750959193
서울특별시 서대문구 창천동 20-25,"서울특별시 서대문구 신촌로 129, 9층 (창천동, 아트레온)",3780.0,CGV 신촌아트레온점,126.940328119434,37.5565639285478
서울특별시 서대문구 신촌동 74-12,서울특별시 서대문구 신촌역로 30 (신촌동),,메가박스중앙 신촌지점,126.942386979371,37.5598241279561
서울특별시 서대문구 연희동 194-25,"서울특별시 서대문구 연희로8길 18, 지하1층동 (연희동)",3726.0,라이카시네마,126.930936157626,37.5651674709792
"서울특별시 서대문구 대현동 11-1번지 이화캠퍼스복합단지 지하 4,5층 ","서울특별시 서대문구 이화여대길 52 (대현동,이화캠퍼스복합단지 지하 4,5층)",,아트하우스 모모-이화·KB 시네마,126.950288837762,37.5644645178259
"서울특별시 서초구 서초동 1317-20 아라타워, 9층 ","서울특별시 서초구 서초대로77길 3, 아라타워 9층 (서초동)",6615.0,메가박스중앙 강남점,127.026504807476,37.4980609129976
"서울특별시 서초구 반포동 19-3 센트럴시티, 지하1층 ","서울특별시 서초구 신반포로 176, 센트럴시티 지하1층 (반포동)",6546.0,메가박스중앙 센트럴 더부티크,127.002413006799,37.5039351769908
서울특별시 서초구 서초동 1335 서초그랑자이,"서울특별시 서초구 효령로 391, B2층 (서초동, 서초그랑자이)",6630.0,CGV Salon 서초점,127.024591003338,37.4893225494193
서울특별시 성동구 행당동 168-151 왕십리민자역사,"서울특별시 성동구 왕십리광장로 17, 왕십리민자역사 5층 (행당동)",4750.0,CGV 왕십리점,127.038394194396,37.5614417528647
서울특별시 성동구 성수동1가 656-335 메가박스 스퀘어,"서울특별시 성동구 왕십리로 50, 메가박스 스퀘어 3층 (성수동1가)",4778.0,메가박스중앙(주) 성수지점 더부티크 102호,127.044975552245,37.5419000229184
서울특별시 성북구 동선동1가 1-2,"서울특별시 성북구 동소문로 106, 11층 (동선동1가)",2845.0,"CGV 성신여대입구 2관 02-3415-6781, ",127.017088831326,37.5925747617089
서울특별시 성북구 돈암동 538-98,서울특별시 성북구 아리랑로 82 (돈암동),2827.0,아리랑시네센터(아리랑인디웨이브),127.013893650352,37.6001190917898
서울특별시 송파구 문정동 618 파크하비오,"서울특별시 송파구 송파대로 111, 하비오길동 호텔로202동 214호 (문정동, 파크하비오)",5837.0,메가박스 송파파크하비오점(1관),127.124979804141,37.4796870553794
서울특별시 송파구 신천동 29,"서울특별시 송파구 올림픽로 300, 엔터테인먼트동 5~11층 (신천동, 롯데월드몰)",5551.0,롯데시네마 월드타워점,127.104301829165,37.5137129859207
서울특별시 송파구 문정동 516 가든파이브라이프영관 10층,"서울특별시 송파구 충민로 66 (문정동, 가든파이브라이프영관 10층)",5838.0,CGV 송파점,127.124961768886,37.4776148442516
서울특별시 양천구 목동 916 현대백화점 지하2층,"서울특별시 양천구 목동동로 257 (목동,현대백화점 지하2층)",7998.0,메가박스중앙 더부티크목동현대백화점,126.874619136454,37.5273217750941
서울특별시 양천구 목동 917-6 행복한세상백화점 7층,"서울특별시 양천구 목동동로 309 (목동,행복한세상백화점 7층)",7997.0,메가박스중앙 목동지점 COMFORT,126.875984665042,37.5292109947037
서울특별시 영등포구 영등포동 618-496 외 12필지,"서울특별시 영등포구 경인로 846, A동 7~9층 (영등포동, 롯데백화점 영등포점)",7306.0,롯데시네마 영등포점,126.907665995469,37.5156680341198
서울특별시 영등포구 여의도동 23,"서울특별시 영등포구 국제금융로 10, B3층 (여의도동, IFC)",7326.0,CGV 여의도점,126.924876706923,37.5251775245928
서울특별시 영등포구 영등포동4가 442,"서울특별시 영등포구 영중로 15, 6층 (영등포동4가, 타임스퀘어)",7305.0,CGV 영등포점,126.903715993779,37.5172332566615
서울특별시 용산구 한강로3가 16-9 4~5층,"서울특별시 용산구 청파로 74, 4~5층 (한강로3가)",4372.0,롯데시네마 용산점,,
서울특별시 용산구 한강로3가 40-961,"서울특별시 용산구 한강대로23길 55, 6층 (한강로3가, 현대아이파크몰)",4377.0,씨지브이 용산아이파크몰,126.964741503485,37.5297718014452
서울특별시 은평구 녹번동 85-4번지,서울특별시 은평구 녹번로 16  (녹번동),,이동상영관,126.927901672834,37.6036996869964
서울특별시 은평구 대조동 240번지 팜스퀘어,"서울특별시 은평구 불광로 20, 13층 (대조동, 팜스퀘어)",3397.0,CGV 불광점,126.928938477038,37.6097357749976
서울특별시 은평구 진관동 63,서울특별시 은평구 통일로 1050 (진관동),3306.0,롯데시네마 은평점,126.917900261732,37.6375366740938
서울특별시 종로구 신문로2가 1-181,"서울특별시 종로구 경희궁1가길 7, 2층 (신문로2가, 복합문화공간에무)",3176.0,에무 시네마,126.969011116977,37.572068922706
서울특별시 종로구 명륜2가 41-9 3층,"서울특별시 종로구 대명길 28 (명륜2가,3층)",,CGV 대학로점,126.999842630109,37.5834579529328
서울특별시 종로구 돈의동 137 지하4층,"서울특별시 종로구 돈화문로5가길 1 (돈의동,지하4층)",,CGV 피카디리1958,126.991230294263,37.5710275098022
서울특별시 종로구 낙원동 284-6번지,"서울특별시 종로구 삼일대로 428, 4층 (낙원동)",3140.0,낭만극장,126.987902476529,37.5727635233966
서울특별시 종로구 신문로1가 226 흥국생명빌딩,"서울특별시 종로구 새문안로 68, 흥국생명빌딩 지하2층 (신문로1가)",3184.0,씨네큐브 광화문점,126.972139469043,37.5696425113058
서울특별시 중구 남대문로2가 130,"서울특별시 중구 남대문로 73, 6~7층 (남대문로2가, AVENUEL)",4533.0,롯데시네마 에비뉴엘점,,
서울특별시 중구 초동 19-4번지 초동빌딩3층,"서울특별시 중구 마른내로 41  (초동,초동빌딩3층)",,시네아스트극장,126.992413746356,37.5645459184175
서울특별시 중구 초동 18-5번지,서울특별시 중구 마른내로 47  (초동),,명보아트홀,126.993214191194,37.5647056236712
서울특별시 중구 충무로1가 24-23번지 캣츠빌딩,"서울특별시 중구 명동8나길 15  (충무로1가,캣츠빌딩)",,씨큐엔(CQN) 명동,126.984115903127,37.5612633940942
서울특별시 중구 명동2가 83-5 아바타빌딩 8층,"서울특별시 중구 명동길 14 (명동2가,아바타빌딩 8층)",,CGV 명동점,126.98288772495,37.5634116488196
서울특별시 중구 충정로1가 68번지,"서울특별시 중구 새문안로 22 (충정로1가, 문화일보)",4516.0,청춘극장,126.968644839862,37.5671292085624
서울특별시 중구 을지로6가 18-21 굿모닝시티,"서울특별시 중구 장충단로 247 (을지로6가,굿모닝시티)",,지원엠엠시네마 동대문지점,127.007358177138,37.5668021171335
서울특별시 중구 을지로6가 17-2 현대시티타워,"서울특별시 중구 장충단로13길 20, 현대시티타워 10층 (을지로6가)",4563.0,CGV 동대문,127.007666479829,37.568734553218
서울특별시 중구 정동 22 경향신문사,"서울특별시 중구 정동길 3, 경향신문사 2층 (정동)",4518.0,서울아트시네마,126.969976113229,37.5681732680976
서울특별시 중구 봉래동2가 122번지 서울역,"서울특별시 중구 청파로 426 (봉래동2가,서울역)",,KTX시네마,126.969512319976,37.5574468761736
서울특별시 중구 충무로2가 65-9번지,서울특별시 중구 퇴계로 123  (충무로2가),,인사이드시네마,126.985364301804,37.5612658980395
서울특별시 중구 충무로2가 65-9,서울특별시 중구 퇴계로 123 (충무로2가),,CGV 명동역 씨네라이브러리,126.985364301804,37.5612658980395
서울특별시 중구 충무로4가 131-6번지,서울특별시 중구 퇴계로 211-5  (충무로4가),,극동극장,126.995026731814,37.561929293405
서울특별시 중랑구 묵동 234-1,서울특별시 중랑구 동일로 951 (묵동),2002.0,롯데시네마 중랑점,127.076057076024,37.6151499459916
서울특별시 중랑구 상봉동 130-3 상봉뉴월드시네마 4층,서울특별시 중랑구 망우로30길 3 (상봉동),2120.0,메가박스중앙 상봉지점,127.0747508051,37.5930806702101
서울특별시 중랑구 상봉동 501,"서울특별시 중랑구 상봉로 131, 지하1,2층 (상봉동, 상봉듀오트리스주상복합)",2150.0,CGV 상봉점,127.092177640813,37.5974066200134
